player_name,team,position,signed_year,years,total_value,guaranteed,aav,cap_pct
Tristan Wirfs,Buccaneers,OT,2024,5,140.625,52.244,28.125,11.0
Penei Sewell,Lions,OT,2024,4,112.0,42.986236,28.0,11.0
Ryan Ramczyk,Saints,OT,2021,5,96.0,43.014824,19.2,10.5
Brian O'Neill,Vikings,OT,2021,5,92.5,22.576118,18.5,10.1
Braden Smith,Colts,OT,2021,4,70.0,32.0,17.5,9.6
Lane Johnson,Eagles,OT,2019,4,72.0,25.0,18.0,9.6
Taylor Moton,Panthers,OT,2021,5,85.0,43.0,17.0,9.3
Lane Johnson,Eagles,OT,2025,1,25.0,25.0,25.0,9.0
Lane Johnson,Eagles,OT,2023,4,80.0,30.0,20.0,8.9
Jawaan Taylor,Chiefs,OT,2023,4,80.0,40.0,20.0,8.9
Trent Brown,NE/LV,OT,2019,4,66.0,36.25,16.5,8.8
Tytus Howard,CLE/HOU,OT,2023,3,56.0,36.002,18.666667,8.3
Taylor Moton,Panthers,OT,2025,2,44.0,36.8,22.0,7.9
Zach Tom,Packers,OT,2025,4,88.0,30.2,22.0,7.9
Mike McGlinchey,Broncos,OT,2023,5,87.5,35.0,17.5,7.8
Tytus Howard,Browns,OT,2026,2,45.0,34.5,22.5,7.5
Michael Onwenu,Patriots,OT,2024,3,57.0,36.5,19.0,7.4
Terence Steele,Cowboys,OT,2023,5,82.5,23.554,16.5,7.3
Lane Johnson,Eagles,OT,2016,5,56.25,20.862242,11.25,7.2
Jack Conklin,Browns,OT,2022,4,60.0,13.985,15.0,7.2
Jack Conklin,Browns,OT,2020,3,42.0,30.0,14.0,7.1
Spencer Brown,Bills,OT,2024,4,72.0,19.855,18.0,7.0
Ja'Wuan James,Broncos,OT,2019,4,51.0,27.0,12.75,6.8
Doug Free,Cowboys,OT,2011,4,32.0,17.0,8.0,6.6
Stacy Andrews,Bengals,OT,2008,1,7.455,7.455,7.455,6.4
Mitchell Schwartz,Chiefs,OT,2019,1,11.255,17.5,11.255,6.0
Max Starks,Steelers,OT,2008,1,6.895,6.895,6.895,5.9
Jonah Williams,Cardinals,OT,2024,2,30.0,19.0,15.0,5.9
Andre Smith,Bengals,OT,2009,6,42.0,13.0625,7.0,5.7
Gosder Cherilus,Colts,OT,2013,5,35.0,15.5,7.0,5.7
Ricky Wagner,Lions,OT,2017,5,47.5,17.5,9.5,5.7
Ryan Ramczyk,Saints,OT,2024,3,43.5,6.5,14.5,5.7
Rob Havenstein,Rams,OT,2022,3,34.5,13.176471,11.5,5.5
Abraham Lucas,Seahawks,OT,2025,3,46.0,12.79,15.333333,5.5
Anthony Davis,49ers,OT,2013,5,33.2,8.38,6.64,5.4
Kaleb McGary,Falcons,OT,2025,2,30.0,28.48,15.0,5.4
Max Starks,Steelers,OT,2009,4,26.3,8.0,6.575,5.3
Austin Jackson,Dolphins,OT,2023,3,36.0,13.066124,12.0,5.3
La'el Collins,Cowboys,OT,2019,5,50.0,19.96675,10.0,5.3
David Stewart,Titans,OT,2008,6,36.883,8.0,6.147167,5.3
Jared Veldheer,DEN/ARI,OT,2014,5,35.0,10.5,7.0,5.3
Stacy Andrews,Eagles,OT,2009,6,38.5,0.0,6.416667,5.2
Kaleb McGary,Falcons,OT,2023,3,34.5,15.0,11.5,5.1
Phil Loadholt,Vikings,OT,2013,4,25.0,7.0,6.25,5.1
Bryan Bulaga,Chargers,OT,2020,3,30.0,19.25,10.0,5.0
Todd Herremans,Eagles,OT,2012,3,18.0,9.0,6.0,5.0
Trent Brown,Patriots,OT,2021,1,9.0,6.5,9.0,4.9
Andre Smith,Bengals,OT,2013,3,18.0,5.0,6.0,4.9
Willie Colon,Steelers,OT,2011,5,29.0,6.0,5.8,4.8
Morgan Moses,Commanders,OT,2017,5,40.0,14.047,8.0,4.8
Bryan Bulaga,Packers,OT,2015,5,33.75,8.0,6.75,4.7
Chukwuma Okorafor,Steelers,OT,2022,3,29.25,9.25,9.75,4.7
La'el Collins,Cowboys,OT,2017,2,15.4,9.5,7.7,4.6
Rob Havenstein,Rams,OT,2018,4,32.5,9.976365,8.125,4.6
Marcus Gilbert,ARI/PIT,OT,2014,5,30.0,7.65,6.0,4.5
Austin Howard,Raiders,OT,2014,5,30.0,9.9,6.0,4.5
Anthony Collins,Buccaneers,OT,2014,5,30.0,9.0,6.0,4.5
Jermey Parnell,Jaguars,OT,2015,5,32.0,14.5,6.4,4.5
Daryl Williams,Bills,OT,2021,3,24.0,9.4,8.0,4.4
Jermaine Eluemunor,Giants,OT,2026,3,39.0,25.45,13.0,4.3
Bobby Massie,Bears,OT,2019,4,32.0,15.8,8.0,4.3
Mitchell Schwartz,Chiefs,OT,2016,5,33.0,12.66,6.6,4.3
Stacy Andrews,SEA/PHI,OT,2010,5,27.3,0.0,5.46,4.2
Marcus Cannon,NE/HOU,OT,2016,5,32.5,12.35,6.5,4.2
Tyson Clabo,Falcons,OT,2011,5,25.0,8.0,5.0,4.2
Jeromey Clary,Chargers,OT,2011,4,20.0,6.8,5.0,4.2
Chris Hubbard,Browns,OT,2018,5,36.5,9.0,7.3,4.1
Riley Reiff,Bengals,OT,2021,1,7.5,5.5,7.5,4.1
Ryan Schraeder,Falcons,OT,2016,5,31.5,7.5,6.3,4.1
Bobby Massie,Bears,OT,2016,3,18.0,6.5,6.0,3.9
Jack Conklin,Browns,OT,2022,1,8.0,8.0,8.0,3.8
Alejandro Villanueva,Ravens,OT,2021,2,14.0,8.0,7.0,3.8
Michael Oher,Titans,OT,2014,4,20.0,6.0,5.0,3.8
Billy Turner,Packers,OT,2019,4,28.0,9.0,7.0,3.7
Derek Newton,Texans,OT,2015,5,26.5,10.0,5.3,3.7
Terence Steele,Cowboys,OT,2026,3,33.0,10.5,11.0,3.7
Joseph Barksdale,Chargers,OT,2016,4,22.2,10.5,5.55,3.6
Andrew Wylie,Commanders,OT,2023,3,24.0,12.0,8.0,3.6
Demar Dotson,Buccaneers,OT,2016,3,16.5,4.25,5.5,3.5
Doug Free,Cowboys,OT,2015,3,15.0,4.5,5.0,3.5
Sebastian Vollmer,Patriots,OT,2013,4,16.75,7.0,4.1875,3.4
Breno Giacomini,Jets,OT,2014,4,18.0,7.0,4.5,3.4
La'el Collins,Bengals,OT,2022,3,21.0,5.0,7.0,3.4
Braden Smith,Texans,OT,2026,2,20.0,13.5,10.0,3.3
Penei Sewell,Lions,OT,2021,4,24.099068,24.099068,6.024767,3.3
Joe Alt,Chargers,OT,2024,4,33.160944,33.160944,8.290236,3.2
Trey Pipkins,Chargers,OT,2023,3,21.75,13.25,7.25,3.2
Jack Conklin,Browns,OT,2025,1,9.0,9.0,9.0,3.2
Marcus Cannon,Patriots,OT,2014,2,8.5,3.2,4.25,3.2
Trent Brown,Patriots,OT,2022,2,13.0,4.0,6.5,3.1
Paris Johnson Jr.,Cardinals,OT,2023,4,28.05246,28.05246,7.013115,3.1
Zach Strief,Saints,OT,2014,5,20.0,6.4,4.0,3.0
Donald Stephenson,Broncos,OT,2016,3,14.0,6.0,4.666667,3.0
Austin Howard,Ravens,OT,2017,3,15.025,3.0,5.008333,3.0
Anthony Davis,49ers,OT,2010,5,19.25,15.9544,3.85,3.0
Evan Neal,Giants,OT,2022,4,24.551256,24.551256,6.137814,2.9
Dennis Kelly,Titans,OT,2020,3,17.25,6.25,5.75,2.9
Morgan Moses,Patriots,OT,2025,3,24.0,11.0,8.0,2.9
Braden Smith,Colts,OT,2025,1,8.0,0.0,8.0,2.9
Bobby Hart,Bengals,OT,2019,3,16.15,5.5,5.383333,2.9
Armand Membou,Jets,OT,2025,4,31.913104,31.913104,7.978276,2.9
Doug Free,Cowboys,OT,2013,2,7.0,3.5,3.5,2.8
Tyson Clabo,Dolphins,OT,2013,1,3.5,1.5,3.5,2.8
Ricky Wagner,Packers,OT,2020,2,11.0,3.5,5.5,2.8
Jermaine Eluemunor,Giants,OT,2024,2,14.0,6.75,7.0,2.7
Cameron Erving,Panthers,OT,2021,2,10.0,8.0,5.0,2.7
Ja'Wuan James,Dolphins,OT,2014,5,17.769398,8.428398,3.55388,2.7
Jesse Davis,Dolphins,OT,2019,3,15.05,8.5,5.016667,2.7
Riley Reiff,Lions,OT,2012,5,16.0637,6.51365,3.21274,2.7
Ty Nsekhe,Bills,OT,2019,2,10.0,6.6,5.0,2.7
Zach Banner,Steelers,OT,2021,2,9.5,3.25,4.75,2.6
Mike McGlinchey,49ers,OT,2018,4,18.341876,18.341876,4.585469,2.6
Erik Pears,Bills,OT,2011,3,9.3,2.2,3.1,2.6
Jack Conklin,Titans,OT,2016,4,15.897658,15.897658,3.974415,2.6
Ty Sambrailo,Falcons,OT,2019,3,14.25,5.0,4.75,2.5
Ereck Flowers,Giants,OT,2015,4,14.391832,14.391832,3.597958,2.5
Breno Giacomini,Seahawks,OT,2012,2,6.0,1.5,3.0,2.5
James Hurst,Ravens,OT,2018,4,17.5,6.0,4.375,2.5
Morgan Moses,NYJ/BAL,OT,2022,3,15.0,5.5,5.0,2.4
Jah Reid,Chiefs,OT,2015,3,10.2,3.1,3.4,2.4
Jonah Williams,Bengals,OT,2019,4,17.630166,17.630166,4.407542,2.3
Darnell Wright,Bears,OT,2023,4,20.96827,20.96827,5.242068,2.3
Germain Ifedi,Bears,OT,2021,1,4.25,2.25,4.25,2.3
Mekhi Becton,Jets,OT,2020,4,18.446046,18.446046,4.611512,2.3
Austin Jackson,Dolphins,OT,2026,1,7.0,5.475,7.0,2.3
D.J. Fluker,Chargers,OT,2013,4,11.402498,11.402498,2.850625,2.3
Colton McKivitz,49ers,OT,2024,1,5.85,4.535,5.85,2.3
Brandon Shell,Seahawks,OT,2020,2,9.0,5.1,4.5,2.3
Andre Smith,Cardinals,OT,2018,2,8.0,2.585,4.0,2.3
Seantrel Henderson,Texans,OT,2018,1,4.0,0.5,4.0,2.3
Andre Smith,Vikings,OT,2016,1,3.5,1.0,3.5,2.3
Seantrel Henderson,Texans,OT,2019,1,4.2,0.9,4.2,2.2
Riley Reiff,Patriots,OT,2023,1,5.0,4.15,5.0,2.2
Garry Gilliam,49ers,OT,2018,2,7.75,2.15,3.875,2.2
James Hudson,Giants,OT,2025,2,12.0,6.01,6.0,2.1
Gosder Cherilus,Lions,OT,2008,5,12.275,8.48,2.455,2.1
Austin Howard,Colts,OT,2018,1,3.75,1.3,3.75,2.1
Gosder Cherilus,Buccaneers,OT,2015,2,6.0,0.5,3.0,2.1
Tristan Wirfs,Buccaneers,OT,2020,4,16.228028,16.228028,4.057007,2.0
Derek Newton,Texans,OT,2017,3,10.0,1.75,3.333333,2.0
Morgan Moses,Jets,OT,2021,1,3.6,3.1,3.6,2.0
Tyson Clabo,Falcons,OT,2010,1,2.521,0.0,2.521,2.0
Willie Colon,Steelers,OT,2010,1,2.521,0.0,2.521,2.0
Andre Smith,Bengals,OT,2017,1,3.25,1.55,3.25,1.9
Chris Clark,Texans,OT,2016,2,6.0,3.25,3.0,1.9
Joe Reitz,Colts,OT,2015,3,8.0,2.75,2.666667,1.9
Trent Brown,Bengals,OT,2024,1,4.75,2.0,4.75,1.9
Jared Veldheer,GB/NE,OT,2019,1,3.5,1.25,3.5,1.9
Matt Gono,Falcons,OT,2021,1,3.384,0.0,3.384,1.9
Trent Brown,Texans,OT,2026,1,5.5,1.75,5.5,1.8
Bryan Bulaga,Packers,OT,2010,5,11.75,8.44,2.35,1.8
Blake Miller,Lions,OT,2026,4,21.872316,21.872316,5.468079,1.8
Mike Remmers,Chiefs,OT,2021,1,3.3,3.05,3.3,1.8
Willie Colon,Steelers,OT,2009,1,2.198,0.0,2.198,1.8
Cameron Fleming,Giants,OT,2020,1,3.5,2.0,3.5,1.8
David Stewart,Titans,OT,2008,1,2.017,0.0,2.017,1.7
Monroe Freeling,Panthers,OT,2026,4,20.928362,20.928362,5.232091,1.7
Austin Jackson,Dolphins,OT,2020,4,13.640352,13.640352,3.410088,1.7
Max Iheanachor,Steelers,OT,2026,4,20.692386,20.692386,5.173097,1.7
Zach Strief,Saints,OT,2011,3,6.2,0.75,2.066667,1.7
Breno Giacomini,Raiders,OT,2018,1,3.015,1.0,3.015,1.7
Trevor Penning,Saints,OT,2022,4,14.143316,14.143316,3.535829,1.7
Max Starks,Steelers,OT,2007,1,1.85,0.0,1.85,1.7
Brandon Parker,Raiders,OT,2022,1,3.5,2.662,3.5,1.7
Larry Borom,Lions,OT,2026,1,5.0,4.9,5.0,1.7
Jawaan Taylor,Falcons,OT,2026,1,5.0,0.0,5.0,1.7
Trey Pipkins,Chargers,OT,2026,2,10.0,4.575,5.0,1.7
Anthony Collins,Bengals,OT,2012,2,4.0,1.25,2.0,1.7
Breno Giacomini,Texans,OT,2017,1,2.75,0.75,2.75,1.6
Austin Howard,Jets,OT,2013,1,2.023,0.0,2.023,1.6
Ty Nsekhe,Commanders,OT,2018,1,2.914,0.0,2.914,1.6
Byron Bell,Panthers,OT,2014,1,2.187,0.0,2.187,1.6
Elijah Wilkinson,Broncos,OT,2020,1,3.259,0.0,3.259,1.6
Matt Feiler,Steelers,OT,2020,1,3.259,0.0,3.259,1.6
Ryan Schraeder,Falcons,OT,2016,1,2.553,0.0,2.553,1.6
Mike Remmers,Panthers,OT,2016,1,2.553,0.0,2.553,1.6
Nate Solder,Giants,OT,2021,1,3.0,3.0,3.0,1.6
Erik Pears,49ers,OT,2015,2,4.7,1.0,2.35,1.6
Cedric Ogbuehi,Bengals,OT,2015,4,9.325682,8.72834,2.331421,1.6
Tytus Howard,Texans,OT,2019,4,12.22555,12.22555,3.056388,1.6
Chris Clark,Broncos,OT,2013,2,5.3,1.077,1.9885,1.6
Isaiah Wynn,Patriots,OT,2018,4,11.44191,11.339897,2.860478,1.6
Jordan Mills,Dolphins,OT,2019,1,3.0,1.0,3.0,1.6
Duane Brown,Texans,OT,2008,5,9.125,6.187,1.825,1.6
Caleb Lomu,Patriots,OT,2026,4,18.922478,18.922478,4.73062,1.6
Chukwuma Okorafor,Patriots,OT,2024,1,4.0,3.125,4.0,1.6
Calvin Anderson,Patriots,OT,2023,2,7.0,4.0,3.5,1.6
Amarius Mims,Bengals,OT,2024,4,15.371558,15.371558,3.84289,1.5
Anton Harrison,Jaguars,OT,2023,4,13.198522,13.198522,3.299631,1.5
Gabe Carimi,TB/CHI,OT,2011,4,7.056046,4.702401,1.76401,1.5
Isaiah Wilson,TEN/MIA,OT,2020,4,11.568384,11.160876,2.892096,1.5
Byron Bell,Titans,OT,2016,1,2.25,0.65,2.25,1.4
Phil Loadholt,Vikings,OT,2016,1,2.25,0.0,2.25,1.4
Jesse Davis,PIT/MIN,OT,2022,2,3.0,2.75,3.0,1.4
Riley Reiff,Bears,OT,2022,1,3.0,3.0,3.0,1.4
Andrew Wylie,Commanders,OT,2025,1,4.0,3.495,4.0,1.4
Kelvin Beachum,Cardinals,OT,2025,1,4.0,3.49,4.0,1.4
Ryan Van Demark,Vikings,OT,2026,1,4.27,4.145,4.27,1.4
Donald Stephenson,Browns,OT,2018,1,2.5,1.0,2.5,1.4
Jordan Morgan,Packers,OT,2024,4,14.185596,14.185596,3.546399,1.4
Bobby Massie,Broncos,OT,2021,1,2.5,1.575,2.5,1.4
Kaleb McGary,Falcons,OT,2019,4,10.265742,9.195437,2.566436,1.4
Zach Strief,Saints,OT,2010,1,1.759,0.0,1.759,1.4
Jermaine Eluemunor,Raiders,OT,2023,1,3.0,2.438,3.0,1.3
Ryan Ramczyk,Saints,OT,2017,4,8.89181,7.432291,2.222953,1.3
Germain Ifedi,Seahawks,OT,2016,4,8.265106,6.688045,2.066277,1.3
Mike Remmers,Giants,OT,2019,1,2.5,1.0,2.5,1.3
Garry Gilliam,49ers,OT,2017,1,2.2,1.25,2.2,1.3
Jeromey Clary,Chargers,OT,2010,1,1.664,0.0,1.664,1.3
Cedric Ogbuehi,Seahawks,OT,2021,1,2.3,0.7,2.3,1.3
Zach Strief,Saints,OT,2009,1,1.545,0.0,1.545,1.3
Tyson Clabo,Falcons,OT,2009,1,1.545,0.0,1.545,1.3
Matt Peart,Broncos,OT,2025,2,7.0,3.245,3.5,1.3
Demar Dotson,Buccaneers,OT,2013,3,4.5,2.0,1.5,1.2
Erik Pears,Raiders,OT,2009,3,4.5,0.345,1.5,1.2
Andrew Wylie,Chiefs,OT,2022,1,2.5375,2.5375,2.5375,1.2
Jeromey Clary,Chargers,OT,2014,1,1.6,1.6,1.6,1.2
Billy Turner,Broncos,OT,2022,1,2.5,2.245,2.5,1.2
Byron Bell,Cowboys,OT,2017,1,2.0,0.25,2.0,1.2
Stacy Andrews,Bengals,OT,2007,1,1.3,0.0,1.3,1.2
Ryan Van Demark,Bills,OT,2026,1,3.52,0.0,3.52,1.2
Fred Johnson,Bengals,OT,2022,1,2.433,0.0,2.433,1.2
Dillon Radunz,Saints,OT,2026,2,7.0,4.2,3.5,1.2
Cedric Ogbuehi,Seahawks,OT,2020,1,2.3,0.5,2.3,1.2
Olisaemeka Udoh,Vikings,OT,2023,1,2.5825,2.5825,2.5825,1.1
Kelvin Beachum,Cardinals,OT,2023,2,5.15,3.26,2.575,1.1
Chris Clark,Texans,OT,2013,1,1.4,1.077,1.4,1.1
Jordan Mills,Bills,OT,2017,2,3.8,0.4,1.9,1.1
Daryl Williams,Bills,OT,2020,1,2.25,0.25,2.25,1.1
Marshall Newhouse,Giants,OT,2015,2,3.25,0.0,1.625,1.1
Jermey Parnell,Cowboys,OT,2012,3,4.063088,1.0,1.354363,1.1
Kelvin Beachum,Cardinals,OT,2021,2,4.0,2.325,2.0,1.1
Tom Compton,Broncos,OT,2022,1,2.25,1.495,2.25,1.1
Mekhi Becton,Eagles,OT,2024,1,2.75,2.75,2.75,1.1
Jordan Mills,Bills,OT,2016,1,1.671,0.0,1.671,1.1
Austin Pasztor,Browns,OT,2016,1,1.671,0.0,1.671,1.1
David Sharpe,WAS/LV,OT,2020,1,2.133,0.0,2.133,1.1
Brent Qvale,Jets,OT,2018,1,1.907,0.0,1.907,1.1
Chris Hubbard,Steelers,OT,2017,1,1.797,0.0,1.797,1.1
Cameron Fleming,Patriots,OT,2017,1,1.797,0.0,1.797,1.1
Garry Gilliam,Seahawks,OT,2017,1,1.797,0.0,1.797,1.1
Rashod Hill,Vikings,OT,2019,1,2.025,0.0,2.025,1.1
Chris Clark,Broncos,OT,2013,1,1.323,0.0,1.323,1.1
Mitchell Schwartz,Browns,OT,2012,4,5.17084,3.21565,1.29271,1.1
Marshall Newhouse,Raiders,OT,2017,2,3.5,0.5,1.75,1.0
Garrett Reynolds,Rams,OT,2015,2,3.00002,0.249999,1.50001,1.0
Byron Bell,Titans,OT,2015,1,1.5,0.25,1.5,1.0
Jawaan Taylor,Jaguars,OT,2019,4,7.843422,5.722577,1.960856,1.0
Ty Sambrailo,Titans,OT,2021,1,1.9,0.75,1.9,1.0
Demar Dotson,Buccaneers,OT,2012,2,2.5,0.5,1.25,1.0
Isaiah Wynn,Dolphins,OT,2023,1,2.3,1.96,2.3,1.0
Braden Smith,Colts,OT,2018,4,7.193688,4.598758,1.798422,1.0
Jonathan Martin,CAR/SF/MIA,OT,2012,4,4.784267,2.526934,1.196067,1.0
Kendall Lamm,Dolphins,OT,2024,1,2.5,1.6,2.5,1.0
Menelik Watson,Raiders,OT,2013,4,4.794852,2.895112,1.198713,1.0
Will Richardson,Jaguars,OT,2022,1,2.0,0.975,2.0,1.0
Ty Nsekhe,Cowboys,OT,2021,1,1.75,0.5,1.75,1.0
Chris Hairston,Chargers,OT,2016,2,2.9,0.55,1.45,0.9
Cameron Fleming,Broncos,OT,2021,1,1.67,1.0,1.67,0.9
Dennis Kelly,Titans,OT,2017,2,3.05,0.4,1.525,0.9
Darian Kinnard,Packers,OT,2026,1,2.75,1.0,2.75,0.9
Trenton Scott,Panthers,OT,2021,1,1.65,0.73,1.65,0.9
Cyrus Kouandjio,Bills,OT,2014,4,4.808821,2.825907,1.202205,0.9
Tyson Clabo,Texans,OT,2014,2,2.4,0.2,1.2,0.9
Elgton Jenkins,Packers,OT,2019,4,6.782618,4.251113,1.695655,0.9
Larry Borom,Dolphins,OT,2025,1,2.5,2.5,2.5,0.9
Zach Banner,Steelers,OT,2020,1,1.75,0.0,1.75,0.9
Jah Reid,Chiefs,OT,2015,1,1.25,0.25,1.25,0.9
Dillon Radunz,Titans,OT,2021,4,6.326874,3.568949,1.581719,0.9
Trent Brown,Texans,OT,2025,1,2.35,0.55,2.35,0.8
Ben Ijalana,Colts,OT,2011,4,4.045496,2.001066,1.011374,0.8
Landon Young,Saints,OT,2025,1,2.3275,0.5095,2.3275,0.8
Cody Mauch,Buccaneers,OT,2023,4,7.48547,4.61324,1.871368,0.8
Alec Anderson,Bills,OT,2026,1,2.5,1.8,2.5,0.8
Prince Tega Wanogho,Chiefs,OT,2023,1,1.865,0.75,1.865,0.8
Marcus Cannon,Patriots,OT,2022,1,1.705,0.0,1.705,0.8
Max Starks,Chargers,OT,2013,1,1.0,0.16,1.0,0.8
Ty Sambrailo,Titans,OT,2020,1,1.6,0.35,1.6,0.8
Dillon Radunz,Saints,OT,2025,1,2.25,2.25,2.25,0.8
Charlie Heck,Texans,OT,2024,1,2.05,0.65,2.05,0.8
Calvin Anderson,Patriots,OT,2024,1,2.0,1.46,2.0,0.8
Morgan Moses,Commanders,OT,2014,4,4.159576,0.697576,1.039894,0.8
Cameron Fleming,Broncos,OT,2021,1,1.415,0.0,1.415,0.8
Joseph Barksdale,Chargers,OT,2015,1,1.095,0.35,1.095,0.8
Demar Dotson,Broncos,OT,2020,1,1.5,0.5,1.5,0.8
Denzelle Good,Raiders,OT,2022,1,1.56,0.0,1.56,0.7
Sam Young,Dolphins,OT,2018,1,1.315,0.35,1.315,0.7
Isaiah Wynn,Dolphins,OT,2024,1,1.885,1.0,1.885,0.7
Mike Adams,Steelers,OT,2012,4,3.54365,1.0172,0.885913,0.7
Trent Brown,Texans,OT,2025,1,2.05,0.0,2.05,0.7
Billy Turner,Jets,OT,2023,1,1.65,1.0,1.65,0.7
Dennis Kelly,Packers,OT,2021,1,1.325,0.25,1.325,0.7
Seantrel Henderson,Bills,OT,2017,1,1.202941,0.0,1.202941,0.7
Erik Pears,Raiders,OT,2010,2,1.85,0.0,0.925,0.7
Stacy Andrews,Giants,OT,2011,1,0.86,0.025,0.86,0.7
David Quessenberry,Vikings,OT,2024,1,1.8,1.375,1.8,0.7
Jack Driscoll,Dolphins,OT,2024,1,1.79,0.9,1.79,0.7
Phil Loadholt,Vikings,OT,2009,4,3.4325,1.675,0.858125,0.7
Rob Havenstein,Rams,OT,2015,4,3.970018,2.197743,0.992505,0.7
Ozzy Trapilo,Bears,OT,2025,4,7.718142,5.394005,1.929536,0.7
La'el Collins,Bills,OT,2024,1,1.75,1.5,1.75,0.7
Max Starks,Steelers,OT,2012,1,0.825,0.0,0.825,0.7
Max Starks,Rams,OT,2013,1,0.84,0.0,0.84,0.7
Max Starks,Steelers,OT,2011,1,0.81,0.0,0.81,0.7
Cedric Ogbuehi,Texans,OT,2022,1,1.4,0.18,1.4,0.7
Trenton Scott,Commanders,OT,2023,2,3.02,0.655,1.51,0.7
Ty Sambrailo,Falcons,OT,2015,4,3.845956,1.949422,0.961489,0.7
Marcus Gilbert,Steelers,OT,2011,4,3.227414,0.847208,0.806854,0.7
Brandon Parker,Raiders,OT,2023,1,1.5,0.475,1.5,0.7
Sam Young,Raiders,OT,2021,1,1.2125,0.35,1.2125,0.7
Jordan Mills,Cardinals,OT,2019,1,1.25,0.25,1.25,0.7
Kayode Awosika,Chargers,OT,2026,1,2.0,0.3,2.0,0.7
Matt Peart,Broncos,OT,2026,1,2.0,0.755,2.0,0.7
Spencer Brown,Bills,OT,2021,4,4.808121,0.876144,1.20203,0.7
Nicholas Petit-Frere,Titans,OT,2022,4,5.45574,1.147812,1.363935,0.7
Abraham Lucas,Seahawks,OT,2022,4,5.391672,1.101216,1.347918,0.6
Eric Winston,Bengals,OT,2017,1,1.08,0.08,1.08,0.6
Blake Fisher,Texans,OT,2024,4,6.595438,3.562252,1.64886,0.6
Max Starks,Cardinals,OT,2014,1,0.855,0.0,0.855,0.6
Tyler Steen,Eagles,OT,2023,4,5.75044,1.182136,1.43761,0.6
Sebastian Vollmer,Patriots,OT,2009,4,3.105,1.76,0.77625,0.6
Roger Rosengarten,Ravens,OT,2024,4,6.437314,3.384289,1.609329,0.6
Taylor Moton,Panthers,OT,2017,4,4.15815,1.877633,1.039538,0.6
Brian O'Neill,Vikings,OT,2018,4,4.40664,2.145593,1.10166,0.6
Bobby Hart,Bills,OT,2021,1,1.1275,0.35,1.1275,0.6
Blake Hance,Jaguars,OT,2024,2,3.155,1.25,1.5775,0.6
Bobby Hart,Bills,OT,2022,1,1.2725,0.025,1.2725,0.6
Cameron Fleming,Broncos,OT,2022,1,1.2725,0.1,1.2725,0.6
Mike Remmers,Jets,OT,2022,1,1.2725,0.1525,1.2725,0.6
Dennis Kelly,Colts,OT,2022,1,1.2725,0.075,1.2725,0.6
Tyler Polumbus,Broncos,OT,2015,1,0.87,0.0,0.87,0.6
Le'Raven Clark,Colts,OT,2020,1,1.2,0.3,1.2,0.6
Le'Raven Clark,Eagles,OT,2021,2,2.2,0.075,1.1,0.6
Jermaine Eluemunor,Raiders,OT,2022,1,1.25,0.1204,1.25,0.6
Max Starks,Steelers,OT,2004,3,1.45,0.53,0.483333,0.6
Kelvin Beachum,Cardinals,OT,2020,1,1.1875,0.0,1.1875,0.6
Khalif Barnes,NO/ARI,OT,2017,1,1.0,0.0,1.0,0.6
Eric Winston,Bengals,OT,2017,1,1.0,0.0,1.0,0.6
Allen Barbre,Eagles,OT,2013,2,1.455,0.01,0.7275,0.6
Jeremiah Poutasi,Titans,OT,2015,4,3.385845,0.80226,0.846461,0.6
Jordan Mills,Saints,OT,2021,1,1.075,0.0,1.075,0.6
Kendall Lamm,Dolphins,OT,2023,1,1.3175,0.2,1.3175,0.6
Germain Ifedi,Falcons,OT,2023,1,1.3175,0.1525,1.3175,0.6
Cameron Erving,Panthers,OT,2023,1,1.3175,0.1525,1.3175,0.6
James Hudson,Browns,OT,2021,4,4.272416,0.792416,1.068104,0.6
Chris Hubbard,Titans,OT,2023,1,1.315,0.075,1.315,0.6
Brandon Shell,Bills,OT,2023,1,1.315,0.15,1.315,0.6
Le'Raven Clark,Eagles,OT,2021,1,1.065,0.0,1.065,0.6
Donald Stephenson,Chiefs,OT,2012,4,2.803125,0.6375,0.700781,0.6
Brandon Parker,Raiders,OT,2018,4,4.095336,1.058424,1.023834,0.6
James Brewer,Jets,OT,2015,1,0.825,0.04,0.825,0.6
Dennis Kelly,Colts,OT,2022,1,1.1975,0.0,1.1975,0.6
Delmar Glaze,Raiders,OT,2024,4,5.86579,1.086028,1.466448,0.6
Austin Barber,Browns,OT,2026,4,6.874124,1.459364,1.718531,0.6
Brandon Shell,Dolphins,OT,2022,1,1.1875,0.0525,1.1875,0.6
Matt Gono,Giants,OT,2022,1,1.1875,0.175,1.1875,0.6
Germain Ifedi,Falcons,OT,2022,1,1.1875,1.0475,1.1875,0.6
Garrett Reynolds,Lions,OT,2016,1,0.885,0.0,0.885,0.6
Bobby Hart,Bengals,OT,2018,1,1.005,0.05,1.005,0.6
Dennis Kelly,Titans,OT,2016,1,0.88,0.225,0.88,0.6
Keagen Trost,Rams,OT,2026,4,6.793468,1.400704,1.698367,0.6
Dennis Kelly,Eagles,OT,2023,1,1.265,0.025,1.265,0.6
Charlie Heck,Buccaneers,OT,2025,1,1.57,0.4,1.57,0.6
Emery Jones Jr.,Ravens,OT,2025,4,6.27352,1.20256,1.56838,0.6
Brennan Williams,Texans,OT,2013,4,2.7359,0.5429,0.683975,0.6
Fred Johnson,Buccaneers,OT,2022,1,1.1525,0.125,1.1525,0.6
Lucas Niang,Chiefs,OT,2020,4,4.378414,0.847072,1.094604,0.6
Caleb Rogers,Raiders,OT,2025,4,6.161184,1.12086,1.540296,0.6
Dennis Kelly,Eagles,OT,2015,1,0.79,0.15,0.79,0.6
Chuma Edoga,Cowboys,OT,2023,1,1.2325,0.1525,1.2325,0.5
Rashaad Coward,Falcons,OT,2022,1,1.14,0.05,1.14,0.5
Andre Smith,CIN/BAL,OT,2019,1,1.03,0.0,1.03,0.5
Matt Peart,Giants,OT,2020,4,4.32956,0.832292,1.08239,0.5
D'Ante Smith,Bengals,OT,2021,4,3.979344,0.499344,0.994836,0.5
Cedric Ogbuehi,Ravens,OT,2021,1,0.99,0.0,0.99,0.5
Bobby Hart,TEN/BUF,OT,2021,1,0.99,0.0,0.99,0.5
Rashaad Coward,Jaguars,OT,2021,1,0.99,0.0,0.99,0.5
Brent Qvale,Titans,OT,2021,1,0.99,0.0,0.99,0.5
Bobby Hart,Bills,OT,2021,1,0.99,0.0,0.99,0.5
J'Marcus Webb,Colts,OT,2019,1,1.02,0.09,1.02,0.5
Jah Reid,Ravens,OT,2011,4,2.60324,0.56324,0.65081,0.5
Le'Raven Clark,Steelers,OT,2023,1,1.215,0.05,1.215,0.5
Andre Smith,Ravens,OT,2020,1,1.07,0.025,1.07,0.5
Chris Hubbard,49ers,OT,2024,1,1.3775,0.4675,1.3775,0.5
Kendall Lamm,Eagles,OT,2025,1,1.505,0.75,1.505,0.5
Jordan Mills,49ers,OT,2022,1,1.12,0.0,1.12,0.5
Storm Norton,Falcons,OT,2025,2,3.0,0.5,1.5,0.5
Joseph Barksdale,LAR/LV,OT,2011,4,2.5798,0.5398,0.64495,0.5
Sam Young,Raiders,OT,2020,1,1.05,0.0,1.05,0.5
Jared Veldheer,Packers,OT,2020,1,1.05,0.0,1.05,0.5
Marcus Gilbert,Cardinals,OT,2020,1,1.05,0.15,1.05,0.5
Sam Young,Raiders,OT,2020,1,1.05,0.0,1.05,0.5
Rashod Hill,Vikings,OT,2020,1,1.0475,0.8875,1.0475,0.5
James Hurst,Saints,OT,2020,1,1.0475,0.1375,1.0475,0.5
Bobby Massie,Cardinals,OT,2012,4,2.54338,0.44338,0.635845,0.5
Derek Newton,Saints,OT,2018,2,1.845,0.0,0.9225,0.5
Jah Reid,Ravens,OT,2015,1,0.745,0.0,0.745,0.5
Byron Stingily,Steelers,OT,2015,1,0.745,0.0,0.745,0.5
Bobby Hart,Lions,OT,2023,1,1.165,0.0,1.165,0.5
Dennis Kelly,Jets,OT,2023,1,1.165,0.0,1.165,0.5
Jason Peters,Seahawks,OT,2023,1,1.165,0.0,1.165,0.5
Germain Ifedi,Bills,OT,2023,1,1.165,0.0,1.165,0.5
Cameron Erving,Saints,OT,2023,1,1.165,0.0,1.165,0.5
Germain Ifedi,Lions,OT,2023,1,1.165,0.0,1.165,0.5
Joshua Miles,Falcons,OT,2023,1,1.1625,0.3525,1.1625,0.5
Andre Smith,Bengals,OT,2018,1,0.915,0.0,0.915,0.5
Sam Young,Dolphins,OT,2018,1,0.915,0.0,0.915,0.5
Joseph Barksdale,Cardinals,OT,2018,1,0.915,0.0,0.915,0.5
Sam Young,Dolphins,OT,2018,1,0.915,0.0,0.915,0.5
Chris Clark,Panthers,OT,2018,1,0.915,0.0,0.915,0.5
Austin Howard,Commanders,OT,2018,1,0.915,0.0,0.915,0.5
Dawand Jones,Browns,OT,2023,4,4.632336,0.792336,1.158084,0.5
Bryan Witzmann,Chiefs,OT,2017,1,0.86,0.2,0.86,0.5
Chaz Green,Cowboys,OT,2015,4,2.951272,0.624372,0.737818,0.5
James Brewer,Giants,OT,2011,4,2.477092,0.432092,0.619273,0.5
Matt McCants,Browns,OT,2017,1,0.855,0.08,0.855,0.5
Austin Pasztor,Falcons,OT,2017,1,0.855,0.0,0.855,0.5
Kendall Lamm,Dolphins,OT,2025,1,1.425,0.0,1.425,0.5
Carter Warren,Jets,OT,2023,4,4.58432,0.74432,1.14608,0.5
Trenton Scott,Commanders,OT,2025,1,1.4225,0.415,1.4225,0.5
Matt Peart,Broncos,OT,2024,1,1.2925,0.3675,1.2925,0.5
Storm Norton,Falcons,OT,2024,1,1.2925,0.55,1.2925,0.5
Le'Raven Clark,Colts,OT,2016,4,3.142732,0.733732,0.785683,0.5
Tom Compton,Falcons,OT,2016,1,0.785,0.025,0.785,0.5
Charlie Heck,Texans,OT,2020,4,4.005704,0.710704,1.001426,0.5
Jerald Hawkins,Patriots,OT,2021,1,0.92,0.0,0.92,0.5
Byron Stingily,Giants,OT,2016,1,0.78,0.0,0.78,0.5
Kayode Awosika,Lions,OT,2025,1,1.4,0.3,1.4,0.5
Stacy Andrews,Bengals,OT,2004,3,1.2115,0.2865,0.403833,0.5
Zach Tom,Packers,OT,2022,4,4.164336,0.504336,1.041084,0.5
Landon Young,Saints,OT,2021,4,3.64978,0.16978,0.912445,0.5
Dawand Jones,Browns,OT,2026,1,1.5,1.245,1.5,0.5
Brandon Mosley,Giants,OT,2012,4,2.400584,0.300584,0.600146,0.5
Trenton Scott,Steelers,OT,2022,1,1.035,0.0,1.035,0.5
Le'Raven Clark,Titans,OT,2022,1,1.035,0.0,1.035,0.5
Trenton Scott,Steelers,OT,2022,1,1.035,0.0,1.035,0.5
Rashaad Coward,Cardinals,OT,2022,1,1.035,0.0,1.035,0.5
Rashod Hill,Commanders,OT,2022,1,1.035,0.0,1.035,0.5
Rashaad Coward,Cardinals,OT,2022,1,1.035,0.0,1.035,0.5
Austin Pasztor,Falcons,OT,2018,1,0.88,0.09,0.88,0.5
Darrell Williams,Rams,OT,2018,1,0.88,0.075,0.88,0.5
Daryl Williams,Panthers,OT,2015,4,2.83712,0.55712,0.70928,0.5
Sam Young,49ers,OT,2019,1,0.93,0.1,0.93,0.5
Chris Clark,Saints,OT,2019,1,0.93,0.0,0.93,0.5
David Quessenberry,Rams,OT,2026,1,1.4875,1.2625,1.4875,0.5
Chukwuma Okorafor,Jets,OT,2026,1,1.4875,1.1,1.4875,0.5
Trenton Scott,Commanders,OT,2026,1,1.4875,0.1,1.4875,0.5
Le'Raven Clark,Eagles,OT,2024,1,1.26,0.175,1.26,0.5
David Stewart,Titans,OT,2005,3,1.264,0.339,0.421333,0.5
Orlando Brown Jr.,Ravens,OT,2018,4,3.49172,0.86572,0.87293,0.5
Erik Pears,JAX/BUF,OT,2010,2,1.27,0.0,0.635,0.5
Antonio Garcia,Jets,OT,2017,4,3.276152,0.786152,0.819038,0.5
Willie Smith,Panthers,OT,2016,1,0.76,0.0,0.76,0.5
Cameron Bradfield,Cowboys,OT,2016,1,0.76,0.0,0.76,0.5
Garry Williams,Bears,OT,2016,1,0.76,0.0,0.76,0.5
Mike Adams,Bears,OT,2016,1,0.76,0.0,0.76,0.5
T.J. Clemmings,Vikings,OT,2015,4,2.804956,0.524956,0.701239,0.5
Marcus Cannon,Patriots,OT,2011,4,2.338186,0.2005,0.584547,0.5
Austin Pasztor,Titans,OT,2018,2,1.72,0.0,0.86,0.5
Andrew Donnal,DET/BAL,OT,2015,4,2.776936,0.496936,0.694234,0.5
Darian Kinnard,Chiefs,OT,2022,4,4.018404,0.358404,1.004601,0.5
Chukwuma Okorafor,Steelers,OT,2018,4,3.407364,0.812364,0.851841,0.5
Chuma Edoga,Cowboys,OT,2023,1,1.08,0.0,1.08,0.5
David Quessenberry,Vikings,OT,2023,1,1.08,0.0,1.08,0.5
Justin Murray,Titans,OT,2023,1,1.08,0.0,1.08,0.5
Brandon Parker,Raiders,OT,2023,1,1.08,0.0,1.08,0.5
David Sharpe,Panthers,OT,2023,1,1.08,0.0,1.08,0.5
Justin Murray,Raiders,OT,2023,1,1.08,0.0,1.08,0.5
Rashaad Coward,Texans,OT,2023,1,1.08,0.0,1.08,0.5
Justin Murray,Titans,OT,2023,1,1.08,0.0,1.08,0.5
Doug Free,Cowboys,OT,2007,4,2.09,0.425,0.5225,0.5
Trey Pipkins,Chargers,OT,2019,4,3.607576,0.877076,0.901894,0.5
Chukwuma Okorafor,Jets,OT,2025,1,1.3375,0.7575,1.3375,0.5
Matt Waletzko,Cowboys,OT,2022,4,3.983492,0.323492,0.995873,0.5
Chris Hairston,Chargers,OT,2015,1,0.685,0.025,0.685,0.5
Jack Driscoll,Eagles,OT,2020,4,3.7894,0.4944,0.94735,0.5
Chuma Edoga,Jets,OT,2019,4,3.587,0.867,0.89675,0.5
Zebrie Sanders,Bills,OT,2012,4,2.2985,0.1985,0.574625,0.5
David Quessenberry,Rams,OT,2025,1,1.33,1.3045,1.33,0.5
Cedric Ogbuehi,Jaguars,OT,2019,1,0.895,0.09,0.895,0.5
Jude Bowry,Bills,OT,2026,4,5.720744,1.275744,1.430186,0.5
Dennis Kelly,Eagles,OT,2012,4,2.28888,0.18888,0.57222,0.5
Cameron Erving,Texans,OT,2024,1,1.21,0.0,1.21,0.5
Germain Ifedi,Browns,OT,2024,1,1.21,0.0,1.21,0.5
Chris Hubbard,Giants,OT,2024,1,1.21,0.0,1.21,0.5
Blake Hance,Titans,OT,2025,1,1.32,0.525,1.32,0.5
Jordan Mills,CHI/DAL,OT,2013,4,2.3248,0.1648,0.5812,0.5
Ryan Miller,Browns,OT,2012,4,2.278532,0.178532,0.569633,0.5
Anthony Collins,Bengals,OT,2008,4,2.1755,0.4705,0.543875,0.5
Ricky Wagner,Ravens,OT,2013,4,2.30456,0.14456,0.57614,0.5
Tyler Marz,Dolphins,OT,2021,1,0.85,0.0,0.85,0.5
Jack Driscoll,Steelers,OT,2026,1,1.4025,0.1875,1.4025,0.5
Charlie Heck,Dolphins,OT,2026,1,1.4025,0.1875,1.4025,0.5
Daniel Faalele,Giants,OT,2026,1,1.4025,0.6875,1.4025,0.5
James Hudson,Patriots,OT,2026,1,1.4025,0.5375,1.4025,0.5
Bryce Harris,Saints,OT,2017,1,0.775,0.0,0.775,0.5
Jah Reid,Texans,OT,2017,1,0.775,0.0,0.775,0.5
Bryce Harris,Saints,OT,2017,1,0.775,0.0,0.775,0.5
Jerald Hawkins,Saints,OT,2022,1,0.965,0.0,0.965,0.5
Drew Shelton,Cowboys,OT,2026,4,5.575428,1.195428,1.393857,0.5
DeMarcus Love,JAX/NYG,OT,2014,2,1.23,0.0,0.615,0.5
Jerald Hawkins,PIT/TB,OT,2016,4,2.870488,0.530488,0.717622,0.5
Tom Compton,Commanders,OT,2015,1,0.66,0.0,0.66,0.5
Jordan Mills,Cowboys,OT,2020,1,0.91,0.0,0.91,0.5
John Wetzel,Falcons,OT,2020,1,0.91,0.0,0.91,0.5
Brent Qvale,Texans,OT,2020,1,0.91,0.1625,0.91,0.5
Austin Deculus,Texans,OT,2022,4,3.822756,0.162756,0.955689,0.5
Garrett McGhin,Jaguars,OT,2021,2,1.675,0.0,0.8375,0.5
Tre'Vour Wallace-Simms,Jaguars,OT,2021,2,1.675,0.0,0.8375,0.5
Yasir Durant,Saints,OT,2022,2,1.905,0.0,0.9525,0.5
Tom Compton,Commanders,OT,2012,4,2.2003,0.1003,0.550075,0.5
Nick Mondek,Texans,OT,2012,4,2.197432,0.097432,0.549358,0.5
Jason Slowey,49ers,OT,2012,4,2.192512,0.092512,0.548128,0.5
Matt McCants,Giants,OT,2012,4,2.188232,0.088232,0.547058,0.5
Carver Willis,49ers,OT,2026,4,5.449992,1.066992,1.362498,0.5
Thayer Munford,Raiders,OT,2022,4,3.75706,0.09706,0.939265,0.5
Brandon Parker,49ers,OT,2024,1,1.15,0.0,1.15,0.5
Cyrus Kouandjio,Broncos,OT,2018,2,1.595,0.0,0.7975,0.5
Andrew Stueber,Patriots,OT,2022,4,3.7436,0.0836,0.9359,0.4
La'el Collins,Cowboys,OT,2025,1,1.255,0.0,1.255,0.4
Bobby Hart,WAS/LAC,OT,2025,1,1.255,0.0,1.255,0.4
Germain Ifedi,Dolphins,OT,2025,1,1.255,0.0,1.255,0.4
Storm Norton,Saints,OT,2023,1,1.01,0.0,1.01,0.4
Isaiah Prince,Broncos,OT,2023,1,1.01,0.0,1.01,0.4
Joshua Miles,Giants,OT,2023,1,1.01,0.0,1.01,0.4
Storm Norton,Falcons,OT,2023,1,1.01,0.0,1.01,0.4
Isaiah Prince,Falcons,OT,2023,1,1.01,0.0,1.01,0.4
DeMarcus Love,Vikings,OT,2011,4,2.1631,0.123099,0.540775,0.4
A.J. Arcuri,Rams,OT,2022,4,3.737012,0.077012,0.934253,0.4
Devery Hamilton,Raiders,OT,2021,3,2.455,0.07,0.818333,0.4
Reid Fragel,Bengals,OT,2013,4,2.205896,0.045896,0.551474,0.4
Jaelyn Duncan,Titans,OT,2023,4,4.029808,0.189808,1.007452,0.4
Jake Curhan,Seahawks,OT,2021,3,2.4535,0.0285,0.817833,0.4
Jermey Parnell,Cowboys,OT,2012,1,0.54,0.0,0.54,0.4
Chris Clark,Broncos,OT,2012,1,0.54,0.0,0.54,0.4
Adrian Ealy,Ravens,OT,2021,3,2.45,0.115,0.816667,0.4
Carson Green,Texans,OT,2021,3,2.45,0.125,0.816667,0.4
Syrus Tuitele,Bills,OT,2021,3,2.45,0.025,0.816667,0.4
Drew Himmelman,Broncos,OT,2021,3,2.45,0.15,0.816667,0.4
Byron Stingily,Titans,OT,2011,4,2.1505,0.1105,0.537625,0.4
Teton Saltes,Jets,OT,2021,3,2.443,0.093,0.814333,0.4
Cornelius Lucas,Saints,OT,2018,1,0.79,0.0,0.79,0.4
Michael Ola,Saints,OT,2018,1,0.79,0.0,0.79,0.4
Austin Pasztor,Falcons,OT,2018,1,0.79,0.0,0.79,0.4
Michael Ola,Saints,OT,2018,1,0.79,0.0,0.79,0.4
Willie Colon,Steelers,OT,2006,3,1.3635,0.2835,0.4545,0.4
Marcel Jones,Saints,OT,2012,4,2.1486,0.0486,0.53715,0.4
Kayode Awosika,Eagles,OT,2021,3,2.4375,0.1125,0.8125,0.4
Andrew Datko,Packers,OT,2012,4,2.145896,0.045896,0.536474,0.4
Kion Smith,Falcons,OT,2021,3,2.435,0.0175,0.811667,0.4
Braylon Jones,Cowboys,OT,2021,3,2.435,0.085,0.811667,0.4
Darius Harper,Chargers,OT,2021,3,2.4325,7500.0,0.810833,0.4
Gunnar Vogel,Bears,OT,2021,3,2.43,5000.0,0.81,0.4
Jack Batho,Falcons,OT,2021,3,2.427,2000.0,0.809,0.4
Calvin Ashley,Buccaneers,OT,2021,3,2.426,1000.0,0.808667,0.4
Tyrone Wheatley Jr.,Bears,OT,2021,3,2.425,0.0,0.808333,0.4
Max Pircher,Rams,OT,2021,3,2.425,0.0,0.808333,0.4
Quinn Bailey,Broncos,OT,2021,3,2.425,0.0,0.808333,0.4
Alfredo Gutierrez,49ers,OT,2021,3,2.425,0.0,0.808333,0.4
Michael Onwenu,Patriots,OT,2020,4,3.497468,0.202468,0.874367,0.4
Zach Banner,CLE/CAR/IND,OT,2017,4,2.946504,0.546504,0.736626,0.4
Jack Driscoll,Eagles,OT,2024,1,1.125,0.0,1.125,0.4
Brandon Parker,Falcons,OT,2024,1,1.125,0.0,1.125,0.4
Jesse Davis,Saints,OT,2024,1,1.125,0.0,1.125,0.4
Brandon Parker,49ers,OT,2024,1,1.125,0.0,1.125,0.4
Justin Murray,Browns,OT,2024,1,1.125,0.0,1.125,0.4
Joshua Miles,Giants,OT,2024,1,1.125,0.0,1.125,0.4
Charlie Heck,ARI/SF,OT,2024,1,1.125,0.0,1.125,0.4
Justin Herron,Saints,OT,2024,1,1.125,0.0,1.125,0.4
DeMarcus Love,Falcons,OT,2015,2,1.26,0.0,0.63,0.4
Cooper Hodges,Jaguars,OT,2023,4,3.945492,0.105492,0.986373,0.4
Justin Herron,NE/LV,OT,2020,4,3.467468,0.172468,0.866867,0.4
Johnny Culbreath,Lions,OT,2011,4,2.103732,0.063732,0.525933,0.4
Garrett Scott,Seahawks,OT,2014,4,2.321672,0.101672,0.580418,0.4
Derek Newton,Texans,OT,2011,4,2.100256,0.060256,0.525064,0.4
Nick Becton,Bears,OT,2016,1,0.675,0.0,0.675,0.4
John Theus,Titans,OT,2016,2,1.35,0.0,0.675,0.4
Prince Tega Wanogho,Eagles,OT,2020,4,3.444672,0.149672,0.861168,0.4
Rick Leonard,Saints,OT,2018,4,3.073428,0.613428,0.768357,0.4
Lee Ziemba,Panthers,OT,2011,4,2.0859,0.0459,0.521475,0.4
Will Richardson,Jaguars,OT,2018,4,3.062792,0.602792,0.765698,0.4
Bobby Hart,Seahawks,OT,2026,1,1.3,0.0,1.3,0.4
David Steinmetz,Chiefs,OT,2022,1,0.895,0.0,0.895,0.4
Matt Nelson,Lions,OT,2022,1,0.895,0.0,0.895,0.4
Storm Norton,Chargers,OT,2022,1,0.895,0.0,0.895,0.4
Darian Kinnard,GB/PHI,OT,2024,2,2.195,0.3,1.0975,0.4
Mitchell Van Dyk,Rams,OT,2014,4,2.2806,0.0606,0.57015,0.4
Ulrick John,Colts,OT,2014,4,2.277848,0.057848,0.569462,0.4
Jake Curhan,Cardinals,OT,2025,1,1.195,0.0,1.195,0.4
Michael Ola,Saints,OT,2019,1,0.805,0.0,0.805,0.4
T.J. Clemmings,Bears,OT,2019,1,0.805,0.0,0.805,0.4
Corey Robinson,Commanders,OT,2019,1,0.805,0.0,0.805,0.4
Michael Ola,Saints,OT,2019,1,0.805,0.0,0.805,0.4
Timon Parris,Dolphins,OT,2021,1,0.78,0.0,0.78,0.4
Matt Nelson,Lions,OT,2021,1,0.78,0.0,0.78,0.4
Willie Beavers,Falcons,OT,2021,1,0.78,0.0,0.78,0.4
Anthony Coyle,Steelers,OT,2021,1,0.78,0.0,0.78,0.4
Seantrel Henderson,Bills,OT,2014,4,2.27088,0.05088,0.56772,0.4
DeMarcus Love,Jaguars,OT,2013,2,1.05,0.0,0.525,0.4
Lee Ziemba,Colts,OT,2013,2,1.05,0.0,0.525,0.4
Taylor Hart,Eagles,OT,2018,2,1.51,0.0,0.755,0.4
Tremayne Anchrum,Rams,OT,2020,4,3.370492,0.075492,0.842623,0.4
Christian Jones,Cardinals,OT,2024,4,4.330456,0.310456,1.082614,0.4
Derrick Kelly,NO/NYJ,OT,2022,2,1.765,0.0,0.8825,0.4
Blake Hance,Jaguars,OT,2023,1,0.95,0.01,0.95,0.4
Tayo Fabuluje,Bears,OT,2015,4,2.411364,0.131364,0.602841,0.4
Ulrick John,Patriots,OT,2018,1,0.745,0.0,0.745,0.4
Jake Curhan,Panthers,OT,2025,1,1.17,0.0,1.17,0.4
Isaiah Prince,49ers,OT,2025,1,1.17,0.0,1.17,0.4
Jack Driscoll,Steelers,OT,2025,1,1.17,0.0,1.17,0.4
Justin Herron,Lions,OT,2025,1,1.17,0.0,1.17,0.4
Isaiah Prince,Titans,OT,2025,1,1.17,0.0,1.17,0.4
Joshua Miles,Bears,OT,2025,1,1.17,0.0,1.17,0.4
Brandon Parker,Falcons,OT,2025,1,1.17,0.0,1.17,0.4
Ian Silberman,49ers,OT,2015,4,2.401676,0.121676,0.600419,0.4
Blake Hance,Jaguars,OT,2023,1,0.94,0.0,0.94,0.4
Jake Curhan,Seahawks,OT,2023,1,0.94,0.0,0.94,0.4
Quinn Bailey,Broncos,OT,2023,1,0.94,0.0,0.94,0.4
Jeromey Clary,Chargers,OT,2006,4,1.703,0.093,0.42575,0.4
Michael Ola,Bills,OT,2016,2,1.29,0.0,0.645,0.4
Brandon Shell,Jets,OT,2016,4,2.575968,0.235968,0.643992,0.4
Sataoa Laumea,Seahawks,OT,2024,4,4.236516,0.216516,1.059129,0.4
Marcus Mbow,Giants,OT,2025,4,4.618384,0.418384,1.154596,0.4
Michael Ola,Chargers,OT,2017,1,0.69,0.0,0.69,0.4
Nick Becton,Lions,OT,2017,1,0.69,0.0,0.69,0.4
Cyrus Kouandjio,Lions,OT,2017,1,0.69,0.0,0.69,0.4
Jake Curhan,Bears,OT,2024,1,1.055,0.0,1.055,0.4
Jean Delance,Bears,OT,2022,3,2.58,0.12,0.86,0.4
Halapoulivaati Vaitai,Eagles,OT,2016,4,2.565124,0.225124,0.641281,0.4
Alec Anderson,Bills,OT,2022,3,2.578,0.018,0.859333,0.4
Kion Smith,Dolphins,OT,2023,2,1.855,0.0,0.9275,0.4
Alex Taylor,Cowboys,OT,2023,2,1.855,0.0,0.9275,0.4
Jordan Tucker,Steelers,OT,2022,3,2.575,0.015,0.858333,0.4
Jalen McKenzie,Titans,OT,2022,3,2.575,0.1,0.858333,0.4
Ben Petrula,Browns,OT,2022,3,2.575,0.15,0.858333,0.4
Andrew Rupcich,Titans,OT,2022,3,2.5725,0.0425,0.8575,0.4
Leroy Watson,Falcons,OT,2022,3,2.57,0.035,0.856667,0.4
Andrew Trainer,Chargers,OT,2022,3,2.57,0.01,0.856667,0.4
Jarrid Williams,Eagles,OT,2022,3,2.57,0.145,0.856667,0.4
Derek Kerstetter,Bills,OT,2022,3,2.57,0.06,0.856667,0.4
Austin Howard,Jets,OT,2011,2,0.99,0.0,0.495,0.4
Lewis Kidd,Saints,OT,2022,3,2.565,0.01,0.855,0.4
Derek Schweiger,Saints,OT,2022,3,2.565,0.015,0.855,0.4
Caleb Jones,Packers,OT,2022,3,2.565,5000.0,0.855,0.4
Bobby Hart,Giants,OT,2015,4,2.351588,0.071588,0.587897,0.4
Marcus Tatum,Jaguars,OT,2022,3,2.562,2000.0,0.854,0.4
Tyler Vrabel,Falcons,OT,2022,3,2.5615,1500.0,0.853833,0.4
A.J. Arcuri,Rams,OT,2022,3,2.56,0.0,0.853333,0.4
Brandon Murphy,Jaguars,OT,2022,3,2.56,0.0,0.853333,0.4
Ryan Van Demark,Colts,OT,2022,3,2.56,0.175,0.853333,0.4
Mike Jerrell,ATL/SEA,OT,2024,4,4.18006,0.16006,1.045015,0.4
Jordan Mills,Bills,OT,2015,1,0.585,0.0,0.585,0.4
Corey Robinson,Lions,OT,2015,4,2.337908,0.057908,0.584477,0.4
John Ojukwu,Eagles,OT,2026,2,2.455,0.025,1.2275,0.4
Denzelle Good,Colts,OT,2015,4,2.332784,0.052784,0.583196,0.4
Austen Pleasants,Jaguars,OT,2021,2,1.485,0.0,0.7425,0.4
William Sweet,Falcons,OT,2021,2,1.485,0.0,0.7425,0.4
Cody Conway,Broncos,OT,2021,2,1.485,0.0,0.7425,0.4
Prince Tega Wanogho,Chiefs,OT,2021,2,1.485,0.0,0.7425,0.4
Paul Adams,Titans,OT,2021,2,1.485,0.0,0.7425,0.4
Christian DiLauro,Titans,OT,2021,2,1.485,0.0,0.7425,0.4
Quinn Bailey,Broncos,OT,2021,2,1.485,0.0,0.7425,0.4
William Sweet,Cowboys,OT,2021,2,1.485,0.0,0.7425,0.4
Alex Taylor,Browns,OT,2021,2,1.485,0.0,0.7425,0.4
Breno Giacomini,Seahawks,OT,2008,4,1.884165,0.179165,0.471041,0.4
Mike Remmers,Panthers,OT,2014,2,1.08,0.0,0.54,0.4
Ryan Miller,Chargers,OT,2014,2,1.08,0.0,0.54,0.4
Richard Gouraige,Bills,OT,2023,3,2.7225,0.0275,0.9075,0.4
Chris Hubbard,Steelers,OT,2013,3,1.4895,4500.0,0.4965,0.4
Brandon Parker,49ers,OT,2026,1,1.215,0.0,1.215,0.4
Landon Young,Jets,OT,2026,1,1.215,0.0,1.215,0.4
Joshua Miles,Raiders,OT,2026,1,1.215,0.0,1.215,0.4
Dalton Wagner,Raiders,OT,2023,3,2.72,0.225,0.906667,0.4
Ryan Schraeder,Falcons,OT,2013,3,1.487,2000.0,0.495667,0.4
John Ojukwu,Titans,OT,2023,3,2.715,0.19,0.905,0.4
Demontrey Jacobs,Broncos,OT,2023,3,2.71,0.055,0.903333,0.4
Jaylon Thomas,Ravens,OT,2023,3,2.71,0.015,0.903333,0.4
Ryan Swoboda,Lions,OT,2023,3,2.705,0.025,0.901667,0.4
Brandon Kipper,Ravens,OT,2023,3,2.705,0.01,0.901667,0.4
Nick Melsop,Chargers,OT,2023,3,2.705,0.025,0.901667,0.4
Kilian Zierer,Texans,OT,2023,3,2.705,0.18,0.901666,0.4
Samuel Jackson,Jaguars,OT,2023,3,2.703,0.058,0.901,0.4
Gabriel Houy,Bears,OT,2023,3,2.701,6000.0,0.900333,0.4
Corey Luciano,49ers,OT,2023,3,2.7,0.01,0.9,0.4
Jarrett Horst,Dolphins,OT,2023,3,2.6975,7500.0,0.899167,0.4
LaColby Tucker,Falcons,OT,2023,3,2.695,0.0,0.898333,0.4
Matthew Vanderslice,Colts,OT,2023,3,2.695,0.0,0.898333,0.4
Chukwuebuka Godrick,Chiefs,OT,2023,3,2.695,0.0,0.898333,0.4
Jacky Chen,Vikings,OT,2023,3,2.695,0.0,0.898333,0.4
B.J. Wilson,Panthers,OT,2023,3,2.695,0.0,0.898333,0.4
Chim Okorafor,Eagles,OT,2023,3,2.695,0.0,0.898333,0.4
Jacky Chen,Texans,OT,2023,3,2.695,0.0,0.898333,0.4
Scott Lashley,Saints,OT,2023,3,2.695,0.0,0.898333,0.4
Mike Remmers,Broncos,OT,2012,3,1.445,5000.0,0.481667,0.4
Cameron Williams,Eagles,OT,2025,4,4.451568,0.676568,1.112892,0.4
Austin Deculus,Titans,OT,2026,1,1.2,0.025,1.2,0.4
Tom Compton,Commanders,OT,2012,3,1.44,0.0,0.48,0.4
Denzelle Good,Raiders,OT,2018,1,0.705,0.336529,0.705,0.4
Chaz Green,NO/LV,OT,2018,1,0.705,0.0,0.705,0.4
Vinston Painter,Cardinals,OT,2018,1,0.705,0.0,0.705,0.4
Denzelle Good,Colts,OT,2018,1,0.705,0.336529,0.705,0.4
Isaiah Battle,Seahawks,OT,2018,1,0.704,0.0,0.704,0.4
Breno Giacomini,Seahawks,OT,2010,2,1.025,0.0,0.5125,0.4
Bryce Cabeldue,Seahawks,OT,2025,4,4.43226,0.23226,1.108065,0.4
Timon Parris,Vikings,OT,2022,1,0.825,0.0,0.825,0.4
Willie Beavers,Falcons,OT,2022,1,0.825,0.0,0.825,0.4
Alex Taylor,Browns,OT,2022,1,0.825,0.0,0.825,0.4
Quinn Bailey,Broncos,OT,2022,1,0.825,0.0,0.825,0.4
Garrett McGhin,Giants,OT,2022,1,0.825,0.0,0.825,0.4
Blake Hance,CLE/JAX,OT,2022,1,0.825,0.0,0.825,0.4
Quinn Bailey,Broncos,OT,2022,1,0.825,0.0,0.825,0.4
Willie Beavers,Commanders,OT,2022,1,0.825,0.0,0.825,0.4
Kayode Awosika,Eagles,OT,2022,2,1.65,0.025,0.825,0.4
Austin Deculus,LAC/HOU,OT,2024,2,2.02,5000.0,1.01,0.4
Ajani Cornelius,Cowboys,OT,2025,4,4.413976,0.213976,1.103494,0.4
Emmett Cleary,Lions,OT,2017,2,1.32,0.0,0.66,0.4
Enrique Cruz Jr.,49ers,OT,2026,4,4.759476,0.379476,1.189869,0.4
Chase Lundt,Bills,OT,2025,4,4.404924,0.204924,1.101231,0.4
Thayer Munford,Browns,OT,2025,1,1.1,0.0,1.1,0.4
Lucas Niang,Commanders,OT,2025,1,1.1,0.0,1.1,0.4
Thayer Munford,Patriots,OT,2025,1,1.1,0.0,1.1,0.4
Nicholas Petit-Frere,49ers,OT,2025,1,1.1,0.315,1.1,0.4
Byron Bell,Panthers,OT,2011,3,1.409,0.014,0.469667,0.4
John Ojukwu,Titans,OT,2025,2,2.175,0.0,1.0875,0.4
Vadal Alexander,Raiders,OT,2016,4,2.416844,0.076844,0.604211,0.4
Tyson Clabo,Broncos,OT,2004,3,0.94,0.02,0.313333,0.4
Tyrell Crosby,Lions,OT,2018,4,2.747684,0.287684,0.686921,0.4
J.C. Davis,Giants,OT,2026,4,4.66892,0.28892,1.16723,0.4
Ryan Miller,Cowboys,OT,2015,2,1.11,0.0,0.555,0.4
Austin Deculus,Jets,OT,2023,1,0.87,0.0,0.87,0.4
Devery Hamilton,Giants,OT,2023,1,0.87,0.0,0.87,0.4
Garrett McGhin,Bills,OT,2023,1,0.87,0.0,0.87,0.4
Christian DiLauro,Vikings,OT,2023,1,0.87,0.0,0.87,0.4
Derrick Kelly,Browns,OT,2023,1,0.87,0.0,0.87,0.4
Matt Kaskey,Chargers,OT,2023,1,0.87,0.0,0.87,0.4
Austin Deculus,Texans,OT,2023,1,0.87,0.0,0.87,0.4
Dametrious Crownover,Patriots,OT,2026,4,4.656432,0.276432,1.164108,0.4
Garry Gilliam,Seahawks,OT,2014,3,1.542,0.012,0.514,0.4
Cameron Fleming,Patriots,OT,2016,1,0.6,0.0,0.6,0.4
Chris Hubbard,Steelers,OT,2016,1,0.6,0.0,0.6,0.4
Jared Hilbers,Jets,OT,2020,3,2.297,0.062,0.765667,0.4
Tommy Champion,Seahawks,OT,2020,3,2.2965,0.0115,0.7655,0.4
Branden Bowen,Panthers,OT,2020,3,2.295,0.11,0.765,0.4
Jake Benzinger,Cardinals,OT,2020,3,2.295,0.01,0.765,0.4
Brady Aiello,Vikings,OT,2020,3,2.295,0.045,0.765,0.4
Alex Taylor,Browns,OT,2020,3,2.295,0.04,0.765,0.4
Yasir Durant,Patriots,OT,2020,3,2.295,0.15,0.765,0.4
Badara Traore,Bears,OT,2020,3,2.295,0.01,0.765,0.4
Caleb Jones,Packers,OT,2024,1,0.985,0.0,0.985,0.4
Austin Deculus,Jets,OT,2024,1,0.985,0.0,0.985,0.4
Zachary Thomas,Texans,OT,2024,1,0.985,0.0,0.985,0.4
Scottie Dill,Falcons,OT,2020,3,2.293,8000.0,0.764333,0.4
Jackson Dennis,Cardinals,OT,2020,3,2.291,6000.0,0.763667,0.4
Josh Knipfel,Bengals,OT,2020,3,2.29,5000.0,0.763333,0.4
Clay Cordasco,Bengals,OT,2020,3,2.29,5000.0,0.763333,0.4
Elex Woodworth,Texans,OT,2020,3,2.29,5000.0,0.763333,0.4
Nick Kaltmayer,Dolphins,OT,2020,3,2.29,0.015,0.763333,0.4
Austen Pleasants,Jaguars,OT,2020,3,2.29,5000.0,0.763333,0.4
Tre'Vour Wallace-Simms,Jaguars,OT,2020,3,2.29,0.035,0.763333,0.4
David Quessenberry,Titans,OT,2020,2,1.525,0.0,0.7625,0.4
Pace Murphy,Cowboys,OT,2020,2,1.525,0.0,0.7625,0.4
Ryan Roberts,Chargers,OT,2020,3,2.2875,2500.0,0.7625,0.4
Drake Dorbeck,Browns,OT,2020,3,2.2865,6500.0,0.762167,0.4
Andrew McDonald,Texans,OT,2015,3,1.65,0.0,0.55,0.4
Erik Pears,Broncos,OT,2008,1,0.445,0.0,0.445,0.4
Tyson Clabo,Falcons,OT,2008,1,0.445,0.0,0.445,0.4
Ian Silberman,IND/CAR,OT,2019,1,0.72,0.0,0.72,0.4
Ulrick John,Saints,OT,2019,1,0.72,0.0,0.72,0.4
Leonard Wester,Jaguars,OT,2019,1,0.72,0.0,0.72,0.4
John Ojukwu,Titans,OT,2024,2,1.945,0.0,0.9725,0.4
A.J. Arcuri,Rams,OT,2024,2,1.945,0.0,0.9725,0.4
Leroy Watson,Titans,OT,2024,2,1.945,0.0,0.9725,0.4
Kion Smith,Dolphins,OT,2026,1,1.145,0.0,1.145,0.4
Justin Senior,Seahawks,OT,2017,4,2.536188,0.136188,0.634047,0.4
Conor McDermott,NE/BUF,OT,2017,4,2.535028,0.135028,0.633757,0.4
Chad Wheeler,Seahawks,OT,2020,1,0.75,0.0,0.75,0.4
Jerald Hawkins,Texans,OT,2020,1,0.75,0.0,0.75,0.4
Trenton Scott,CAR/LAC,OT,2020,1,0.75,0.0,0.75,0.4
Justin Murray,Cardinals,OT,2020,1,0.75,0.0,0.75,0.4
Jerald Hawkins,Steelers,OT,2020,1,0.75,0.0,0.75,0.4
Kayode Awosika,Lions,OT,2022,2,1.575,0.0,0.7875,0.4
Drew Himmelman,Broncos,OT,2022,2,1.575,0.0,0.7875,0.4
Caleb Jones,Packers,OT,2022,2,1.575,0.0,0.7875,0.4
Braylon Jones,Cowboys,OT,2022,2,1.575,0.0,0.7875,0.4
Kion Smith,Dolphins,OT,2022,2,1.575,0.0,0.7875,0.4
Max Pircher,Rams,OT,2022,2,1.575,0.0,0.7875,0.4
Drew Himmelman,Commanders,OT,2022,2,1.575,0.0,0.7875,0.4
Christian DiLauro,TEN/DEN,OT,2022,2,1.575,0.0,0.7875,0.4
Ethan Driskell,Chiefs,OT,2024,3,2.87,0.265,0.956667,0.4
Jeromey Clary,Chargers,OT,2009,1,0.46,0.0,0.46,0.4
Rick Leonard,Falcons,OT,2021,2,1.365,0.0,0.6825,0.4
Demar Dotson,Buccaneers,OT,2011,1,0.45,0.0,0.45,0.4
Frank Crum,Broncos,OT,2024,3,2.855,0.275,0.951667,0.4
Ryan Miller,Broncos,OT,2014,1,0.495,0.0,0.495,0.4
La'el Collins,Cowboys,OT,2015,3,1.5995,1.5995,0.533167,0.4
Theo Benedet,Bears,OT,2024,3,2.85,0.1,0.95,0.4
Brad Seaton,Titans,OT,2017,4,2.47956,0.07956,0.61989,0.4
Mike Edwards,Bills,OT,2024,3,2.843333,0.013,0.947667,0.4
Leonard Wester,49ers,OT,2020,1,0.735,0.0,0.735,0.4
Brian Dooley,Titans,OT,2024,3,2.84,0.05,0.946667,0.4
Tyler Mclellan,Chargers,OT,2024,3,2.84,0.01,0.946667,0.4
Donovan Jennings,Packers,OT,2024,3,2.84,0.11,0.946667,0.4
Blake Larson,Rams,OT,2024,3,2.8375,7500.0,0.945833,0.4
Andrew Rupcich,Titans,OT,2023,2,1.655,0.0,0.8325,0.4
Leroy Watson,Titans,OT,2023,2,1.665,0.0,0.8325,0.4
Andrew Rupcich,Titans,OT,2023,2,1.665,0.0,0.8325,0.4
John Ojukwu,Titans,OT,2023,2,1.665,0.0,0.8325,0.4
Christian Duffie,Panthers,OT,2024,3,2.8365,6500.0,0.9455,0.4
Eric Miller,Bengals,OT,2024,3,2.835,5000.0,0.945,0.4
Darrell Simpson,Ravens,OT,2024,3,2.835,5000.0,0.945,0.4
David Nwaogwugwu,Commanders,OT,2024,3,2.8325,0.0275,0.944167,0.4
Spencer Rolland,Vikings,OT,2024,3,2.832,5000.0,0.944,0.4
Nolan Potter,Falcons,OT,2024,3,2.83,0.0,0.943333,0.4
Ryan Van Demark,Bills,OT,2025,1,1.03,9000.0,1.03,0.4
Caleb Jones,Patriots,OT,2025,1,1.03,0.0,1.03,0.4
Alec Anderson,Bills,OT,2025,1,1.03,0.0,1.03,0.4
Kion Smith,Dolphins,OT,2025,1,1.03,0.0,1.03,0.4
Leroy Watson,Vikings,OT,2025,1,1.03,0.0,1.03,0.4
Andrew Rupcich,Titans,OT,2025,1,1.03,0.0,1.03,0.4
Alec Anderson,Bills,OT,2025,1,1.03,0.0,1.03,0.4
Ulrick John,Packers,OT,2017,1,0.615,0.0,0.615,0.4
Vinston Painter,ARI/WAS,OT,2017,1,0.615,0.0,0.615,0.4
Darrell Williams,Rams,OT,2015,3,1.5825,7500.0,0.5275,0.4
Tyson Chandler,Bills,OT,2015,3,1.5825,7500.0,0.5275,0.4
Zach Strief,Saints,OT,2006,3,1.12593,0.04593,0.37531,0.4
Ulrick John,Cardinals,OT,2016,2,1.14,0.0,0.57,0.4
Emmett Cleary,Cowboys,OT,2016,2,1.14,0.0,0.57,0.4
Micah Hatchie,Steelers,OT,2015,3,1.576,1000.0,0.525333,0.4
Brent Qvale,Jets,OT,2015,3,1.575,0.0,0.525,0.4
Mike Remmers,Vikings,OT,2013,2,0.9,0.0,0.45,0.4
Nick Mondek,Texans,OT,2013,2,0.9,0.0,0.45,0.4
Mike Remmers,MIN/LAC/TB,OT,2013,2,0.9,0.0,0.45,0.4
A.J. Arcuri,Rams,OT,2025,2,2.035,0.0,1.0175,0.4
Demontrey Jacobs,Cardinals,OT,2025,2,2.035,0.0,1.0175,0.4
Andrew Stueber,Falcons,OT,2025,2,2.035,0.0,1.0175,0.4
Wyatt Miller,Chiefs,OT,2021,1,0.66,0.0,0.66,0.4
Alex Taylor,Browns,OT,2021,1,0.66,0.0,0.66,0.4
Rick Leonard,Commanders,OT,2021,1,0.66,0.0,0.66,0.4
Gunnar Vogel,Bengals,OT,2021,1,0.66,0.0,0.66,0.4
Badara Traore,CHI/JAX,OT,2021,1,0.66,0.0,0.66,0.4
Jake Benzinger,Colts,OT,2021,1,0.66,0.0,0.66,0.4
Elijah Nkansah,IND/TEN,OT,2021,1,0.66,0.0,0.66,0.4
Chidi Okeke,Buccaneers,OT,2021,1,0.66,0.0,0.66,0.4
Devery Hamilton,Raiders,OT,2021,1,0.66,0.0,0.66,0.4
Alex Taylor,Browns,OT,2021,1,0.66,0.0,0.66,0.4
Tommy Champion,Seahawks,OT,2021,1,0.66,0.0,0.66,0.4
Lukayus McNeil,Seahawks,OT,2021,1,0.66,0.0,0.66,0.4
Jake Benzinger,Buccaneers,OT,2021,1,0.66,0.0,0.66,0.4
Jordan Steckler,Texans,OT,2021,1,0.66,0.0,0.66,0.4
Prince Tega Wanogho,Chiefs,OT,2021,2,0.66,0.0,0.66,0.4
Branden Bowen,Cardinals,OT,2021,1,0.66,0.0,0.66,0.4
Ben Chukwuma,Buccaneers,OT,2025,3,3.02,0.3,1.006667,0.4
Jeremiah Byers,Cardinals,OT,2025,3,3.005,0.279,1.001667,0.4
Devery Hamilton,Steelers,OT,2024,1,0.915,0.0,0.915,0.4
Alex Taylor,Commanders,OT,2024,1,0.915,0.0,0.915,0.4
Lewis Kidd,Colts,OT,2024,1,0.915,0.0,0.915,0.4
Matt Kaskey,Rams,OT,2024,1,0.915,0.0,0.915,0.4
Lewis Kidd,49ers,OT,2024,1,0.915,0.0,0.915,0.4
Tyrone Wheatley Jr.,Patriots,OT,2024,1,0.915,0.0,0.915,0.4
Tyler Vrabel,Falcons,OT,2024,1,0.915,0.0,0.915,0.4
Josh Fryar,Cardinals,OT,2025,3,3.0,0.269,1.0,0.4
Parker Clements,Raiders,OT,2025,3,2.99,0.075,0.996667,0.4
Carter Warren,Dolphins,OT,2026,1,1.075,0.0,1.075,0.4
Matt Waletzko,Chiefs,OT,2026,1,1.075,0.0,1.075,0.4
Andrew Rupcich,Patriots,OT,2026,1,1.075,0.0,1.075,0.4
Trey Wedig,Rams,OT,2025,3,2.985,0.02,0.995,0.4
Brandon Crenshaw-Dickson,Titans,OT,2025,3,2.985,0.254,0.995,0.4
Xavier Truss,DEN/NO,OT,2025,3,2.985,0.17,0.995,0.4
Reid Holskey,Ravens,OT,2025,3,2.9825,0.0275,0.994167,0.4
Chris Hubbard,Steelers,OT,2015,1,0.51,0.0,0.51,0.4
Jaison Williams,Giants,OT,2025,3,2.98,0.165,0.993333,0.4
Caleb Etienne,Bengals,OT,2025,3,2.98,0.015,0.993333,0.4
Savion Washington,Chargers,OT,2025,3,2.98,0.015,0.993333,0.4
Ian Silberman,Raiders,OT,2018,1,0.63,0.0,0.63,0.4
Jordan Williams,Falcons,OT,2025,3,2.975,0.16,0.991667,0.4
Logan Brown,Vikings,OT,2025,3,2.975,0.244,0.991667,0.4
Cole Birdow,Patriots,OT,2025,3,2.975,0.02,0.991667,0.4
Mason Miller,Lions,OT,2025,3,2.975,0.03,0.991667,0.4
Michael Tarquin,Panthers,OT,2025,3,2.975,0.15,0.991667,0.4
Isaiah Prince,Dolphins,OT,2019,4,2.67032,0.15032,0.66758,0.4
Gareth Warren,Steelers,OT,2025,3,2.967,2000.0,0.989,0.4
Amari Kight,Seahawks,OT,2025,3,2.9665,1500.0,0.988833,0.4
Lucas Scott,Ravens,OT,2025,3,2.965,0.0,0.988333,0.4
Jack Wilson,Colts,OT,2025,3,2.965,0.0,0.988333,0.4
Jonathan Mendoza,Saints,OT,2025,3,2.965,0.0,0.988333,0.4
A.J. Arcuri,Rams,OT,2026,2,2.125,0.0,1.0625,0.4
Brennan Williams,Jaguars,OT,2015,2,1.01,0.0,0.505,0.4
Leonard Wester,Buccaneers,OT,2016,3,1.64,0.035,0.546667,0.4
George Fant,Seahawks,OT,2016,3,1.64,0.02,0.546667,0.4
J'Marcus Webb,Bears,OT,2010,4,1.815,0.0,0.45375,0.4
David Steinmetz,Commanders,OT,2020,2,1.39,0.0,0.695,0.4
Matt Kaskey,Panthers,OT,2020,2,1.39,0.0,0.695,0.4
Storm Norton,Chargers,OT,2020,2,1.39,0.0,0.695,0.4
Blake Hance,Browns,OT,2020,2,1.39,0.0,0.695,0.4
Kevin Graf,Falcons,OT,2017,2,1.17,0.0,0.585,0.4
Ian Silberman,Raiders,OT,2017,2,1.17,0.0,0.585,0.4
Kevin Bowen,Commanders,OT,2016,3,1.627,7000.0,0.542333,0.3
Ryan Mack,Cowboys,OT,2016,3,1.621,1000.0,0.540333,0.3
Brian Mihalik,Steelers,OT,2016,3,1.62,0.0,0.54,0.3
Lene Maiava,Seahawks,OT,2016,3,1.62,0.0,0.54,0.3
Torian White,Raiders,OT,2016,3,1.62,0.0,0.54,0.3
Nick Ritcher,Titans,OT,2016,3,1.62,0.0,0.54,0.3
Matt Pierson,Texans,OT,2016,3,1.62,0.0,0.54,0.3
Zeth Ramsay,Chargers,OT,2016,3,1.62,0.0,0.54,0.3
Rashod Hill,Vikings,OT,2016,3,1.62,0.0,0.54,0.3
John Weidenaar,Bengals,OT,2016,3,1.62,0.0,0.54,0.3
Ryker Mathews,Saints,OT,2016,3,1.62,0.0,0.54,0.3
Taylor FaIlin,Buccaneers,OT,2016,3,1.62,0.0,0.54,0.3
Joe Gore,Commanders,OT,2016,3,1.62,0.0,0.54,0.3
Blaine Clausell,Cardinals,OT,2017,3,1.74,0.0,0.58,0.3
George Asafo-Adjei,Giants,OT,2019,4,2.612368,0.092368,0.653092,0.3
Chad Wheeler,Seahawks,OT,2019,2,1.305,0.0,0.6525,0.3
Alex Wollschlaeger,Saints,OT,2026,3,3.13,0.2775,1.043333,0.3
Paul Rubelt,Buccaneers,OT,2026,3,3.13,0.2775,1.043333,0.3
Tyler Miller,Broncos,OT,2026,3,3.125,0.265,1.041667,0.3
Alan Herron,Saints,OT,2026,3,3.125,0.2725,1.041667,0.3
Richard Gouraige,Bills,OT,2024,2,1.764,9000.0,0.882,0.3
Mason Murphy,Bears,OT,2026,3,3.12,0.2675,1.04,0.3
Isaiah Jatta,Raiders,OT,2026,3,3.12,0.12,1.04,0.3
Sam Hagen,Texans,OT,2026,3,3.12,0.195,1.04,0.3
Corey Robinson II,Bengals,OT,2026,3,3.12,0.02,1.04,0.3
Albert Reese IV,Panthers,OT,2026,3,3.12,0.145,1.04,0.3
Aamil Wagner,Titans,OT,2026,3,3.12,0.2675,1.04,0.3
Joshua Miles,Cardinals,OT,2019,4,2.594576,0.074576,0.648644,0.3
Da'Metrius Weatherspoon,Bills,OT,2026,3,3.112,0.012,1.037333,0.3
Trevonte Sylvester,Ravens,OT,2026,3,3.11,0.01,1.036667,0.3
Tyrone Wheatley Jr.,Falcons,OT,2025,1,0.96,0.0,0.96,0.3
Austen Pleasants,49ers,OT,2025,1,0.96,0.0,0.96,0.3
Demontrey Jacobs,Patriots,OT,2025,1,0.96,0.0,0.96,0.3
Xavier Hill,Jets,OT,2026,3,3.105,5000.0,1.035,0.3
Andrew Stueber,Bengals,OT,2024,2,1.755,0.0,0.8775,0.3
Jaylon Thomas,Texans,OT,2024,2,1.755,0.0,0.8775,0.3
Carson Green,HOU/TEN,OT,2022,2,0.715,5000.0,0.715,0.3
Bryce Henderson,Rams,OT,2026,3,3.1,0.0,1.033333,0.3
Derrick Graham,Texans,OT,2026,3,3.1,0.0,1.033333,0.3
Will Holden,Seahawks,OT,2019,1,0.645,0.0,0.645,0.3
Matt Feiler,Steelers,OT,2019,1,0.645,0.0,0.645,0.3
Zach Banner,Steelers,OT,2019,1,0.645,0.0,0.645,0.3
Elijah Wilkinson,Broncos,OT,2019,1,0.645,0.0,0.645,0.3
Spencer Drango,Chargers,OT,2019,1,0.645,0.0,0.645,0.3
David Foucault,Panthers,OT,2016,1,0.5315,6500.0,0.5315,0.3
Devery Hamilton,Giants,OT,2022,1,0.7115,6500.0,0.7115,0.3
Garrett McGhin,Jaguars,OT,2020,1,0.675,0.0,0.675,0.3
Jake Rodgers,DEN/BAL,OT,2020,1,0.675,0.0,0.675,0.3
Garrett McGhin,Bills,OT,2020,1,0.675,0.0,0.675,0.3
Tyrone Wheatley Jr.,Raiders,OT,2022,1,0.705,0.0,0.705,0.3
Wyatt Miller,Panthers,OT,2022,1,0.705,0.0,0.705,0.3
Adrian Ealy,Rams,OT,2022,1,0.705,0.0,0.705,0.3
William Sweet,Raiders,OT,2022,1,0.705,0.0,0.705,0.3
Elijah Nkansah,Browns,OT,2022,1,0.705,0.0,0.705,0.3
Tyrone Wheatley Jr.,Bears,OT,2022,1,0.705,0.0,0.705,0.3
Badara Traore,Jaguars,OT,2022,1,0.705,0.0,0.705,0.3
Jarrid Williams,Eagles,OT,2022,1,0.705,0.0,0.705,0.3
Alfredo Gutierrez,49ers,OT,2022,1,0.705,0.0,0.705,0.3
Devery Hamilton,Giants,OT,2022,1,0.705,0.0,0.705,0.3
Austen Pleasants,Panthers,OT,2022,1,0.705,0.0,0.705,0.3
Wyatt Miller,Browns,OT,2022,1,0.705,0.0,0.705,0.3
Derek Schweiger,Saints,OT,2022,1,0.705,0.0,0.705,0.3
Adrian Ealy,Steelers,OT,2022,1,0.705,0.0,0.705,0.3
Tyler Marz,Titans,OT,2018,2,1.2,0.0,0.6,0.3
Givens Price,Buccaneers,OT,2018,2,1.2,0.0,0.6,0.3
Dillon Gordon,Panthers,OT,2018,2,1.2,0.0,0.6,0.3
Tyler Marz,Titans,OT,2018,2,1.2,0.0,0.6,0.3
Will Holden,Dolphins,OT,2018,2,1.2,0.0,0.6,0.3
David Sharpe,Raiders,OT,2018,2,1.2,0.0,0.6,0.3
Dillon Gordon,Chiefs,OT,2018,2,1.2,0.0,0.6,0.3
Ulrick John,Dolphins,OT,2016,1,0.525,0.0,0.525,0.3
Vinston Painter,Commanders,OT,2016,1,0.525,0.0,0.525,0.3
Chad Wheeler,Giants,OT,2017,3,1.685,0.045,0.561667,0.3
R.J. Dill,Cowboys,OT,2015,2,0.96,0.0,0.48,0.3
Cody Clay,Cowboys,OT,2015,2,0.96,0.0,0.48,0.3
Curtis Feigt,Chiefs,OT,2015,2,0.96,0.0,0.48,0.3
Jason Weaver,Bears,OT,2015,2,0.96,0.0,0.48,0.3
Matt Hall,Broncos,OT,2015,2,0.96,0.0,0.48,0.3
Dimitric Camiel,Texans,OT,2017,3,1.675,0.01,0.558333,0.3
Donovan Jennings,Packers,OT,2026,1,1.005,0.0,1.005,0.3
Theo Benedet,Bears,OT,2026,1,1.005,0.0,1.005,0.3
Andrew Stueber,Falcons,OT,2026,1,1.005,0.0,1.005,0.3
Sataoa Laumea,Steelers,OT,2026,1,1.005,0.0,1.005,0.3
Drew Himmelman,Commanders,OT,2023,1,0.75,0.0,0.75,0.3
Jalen McKenzie,Seahawks,OT,2023,1,0.75,0.0,0.75,0.3
Chim Okorafor,Vikings,OT,2023,1,0.75,0.0,0.75,0.3
Braylon Jones,Cardinals,OT,2023,1,0.75,0.0,0.75,0.3
Austen Pleasants,Chargers,OT,2023,1,0.75,0.0,0.75,0.3
Alfredo Gutierrez,49ers,OT,2023,1,0.75,0.0,0.75,0.3
Tyrone Wheatley Jr.,Browns,OT,2023,1,0.75,0.0,0.75,0.3
Jarrid Williams,Eagles,OT,2023,1,0.75,0.0,0.75,0.3
Hunter Thedford,Broncos,OT,2023,1,0.75,0.0,0.75,0.3
Tyler Vrabel,Falcons,OT,2023,1,0.75,0.0,0.75,0.3
Roy Mbaeteka,Bears,OT,2023,1,0.75,0.0,0.75,0.3
Badara Traore,Cardinals,OT,2023,1,0.75,0.0,0.75,0.3
Max Pircher,DET/LAR,OT,2023,1,0.75,0.0,0.75,0.3
Tyrone Wheatley Jr.,Patriots,OT,2023,1,0.75,0.0,0.75,0.3
Leroy Watson,49ers,OT,2023,1,0.75,0.0,0.75,0.3
Jarrid Williams,Vikings,OT,2023,1,0.75,0.0,0.75,0.3
Jean Delance,Packers,OT,2023,1,0.75,0.0,0.75,0.3
D.J. Scaife Jr.,Texans,OT,2023,1,0.75,0.0,0.75,0.3
Hunter Thedford,Browns,OT,2023,1,0.75,0.0,0.75,0.3
Jarrid Williams,Steelers,OT,2023,1,0.75,0.0,0.75,0.3
Jerry Ugokwe,IND/NO,OT,2017,3,1.671,6000.0,0.557,0.3
Jermey Parnell,Dolphins,OT,2010,3,1.29,0.075,0.43,0.3
Cole Gardner,Buccaneers,OT,2017,3,1.67,5000.0,0.556667,0.3
Jermey Parnell,Saints,OT,2010,3,1.29,0.075,0.43,0.3
Wil Freeman,Falcons,OT,2017,3,1.669,4000.0,0.556333,0.3
Tyler Marz,Panthers,OT,2020,1,0.66,0.0,0.66,0.3
Dimitric Camiel,Texans,OT,2017,3,1.665,0.0,0.555,0.3
Dieugot Joseph,Bears,OT,2017,3,1.665,0.0,0.555,0.3
Mason Zandi,Chargers,OT,2017,3,1.665,0.0,0.555,0.3
Max Rich,Patriots,OT,2017,3,1.665,0.02,0.555,0.3
Nick Fett,Vikings,OT,2017,3,1.665,0.0,0.555,0.3
Andreas Knappe,Falcons,OT,2017,3,1.665,0.015,0.555,0.3
Steven Moore,Titans,OT,2017,3,1.665,0.0,0.555,0.3
Jonah Pirsig,Titans,OT,2017,3,1.665,0.0,0.555,0.3
Rashaad Coward,Bears,OT,2017,3,1.665,0.0,0.555,0.3
Korren Kirven,Buccaneers,OT,2017,3,1.665,0.02,0.555,0.3
Jonathan McLaughlin,Cardinals,OT,2017,3,1.665,1000.0,0.555,0.3
Storm Norton,Lions,OT,2017,3,1.665,0.0,0.555,0.3
Levon Myers,Cowboys,OT,2017,3,1.665,0.0,0.555,0.3
Larson Graham,Falcons,OT,2017,3,1.665,0.0,0.555,0.3
Darrell Williams Jr.,49ers,OT,2017,3,1.665,0.01,0.555,0.3
Landon Lechler,Bengals,OT,2017,3,1.665,0.0125,0.555,0.3
Kent Perkins,Bengals,OT,2017,3,1.665,5000.0,0.555,0.3
Chauncey Briggs,Raiders,OT,2017,3,1.665,0.0,0.555,0.3
Corin Brooks,Chiefs,OT,2017,3,1.665,0.0,0.555,0.3
Mitchell Kirsch,Bears,OT,2017,3,1.665,0.0,0.555,0.3
Mike Edwards,Bills,OT,2025,2,1.8535,8500.0,0.92675,0.3
Richard Gouraige,Bills,OT,2025,2,1.853,8000.0,0.9265,0.3
Amari Kight,Seahawks,OT,2025,2,1.845,0.0,0.9225,0.3
Chukwuebuka Godrick,Chiefs,OT,2025,2,1.845,0.0,0.9225,0.3
Brandon Crenshaw-Dickson,Titans,OT,2025,2,1.845,0.0,0.9225,0.3
Jeremiah Byers,Browns,OT,2025,2,1.845,0.0,0.9225,0.3
Garrett McGhin,Bills,OT,2018,3,1.75515,150.0,0.58505,0.3
Jason Slowey,Raiders,OT,2013,1,0.405,0.0,0.405,0.3
Andrew Datko,Packers,OT,2013,1,0.405,0.0,0.405,0.3
Willie Beavers,49ers,OT,2019,2,1.23,0.0,0.615,0.3
William Poehls,TB/IND,OT,2019,2,1.23,0.0,0.615,0.3
Darrell Williams Jr.,Rams,OT,2019,2,1.23,0.0,0.615,0.3
Willie Beavers,Bears,OT,2019,2,1.23,0.0,0.615,0.3
Anthony Coyle,Texans,OT,2018,3,1.725,0.04,0.575,0.3
Zachary Crabtree,Chargers,OT,2018,3,1.725,0.015,0.575,0.3
Leon Johnson,Broncos,OT,2018,3,1.72,0.01,0.573333,0.3
Toby Weathersby,Eagles,OT,2018,3,1.72,0.04,0.573333,0.3
Tom Compton,Commanders,OT,2012,1,0.39,0.0,0.39,0.3
Darius James,Jets,OT,2018,3,1.719,9000.0,0.573,0.3
Randin Crecelius,Ravens,OT,2018,3,1.719,9000.0,0.573,0.3
Isaiah Battle,Seahawks,OT,2017,1,0.54,0.0,0.54,0.3
Ian Silberman,Raiders,OT,2017,1,0.54,0.0,0.54,0.3
Jeff Adams,Jets,OT,2017,1,0.54,0.0,0.54,0.3
Jeromy Irwin,Saints,OT,2018,3,1.7185,0.0235,0.572833,0.3
Gerhard De Beer,Bills,OT,2018,3,1.7175,7500.0,0.5725,0.3
Matt Gono,Falcons,OT,2018,3,1.7175,7500.0,0.5725,0.3
Brett Kendrick,Lions,OT,2018,3,1.716,6000.0,0.572,0.3
Kyle Meadows,Packers,OT,2018,3,1.715,5000.0,0.571667,0.3
Elijah Nkansah,Titans,OT,2018,3,1.715,5000.0,0.571667,0.3
Nick Gates,Giants,OT,2018,3,1.715,0.025,0.571667,0.3
Jake Campos,Cowboys,OT,2018,3,1.715,5000.0,0.571667,0.3
Jermey Parnell,Saints,OT,2009,3,1.19,5000.0,0.396667,0.3
Christian DiLauro,Browns,OT,2018,3,1.714,4000.0,0.571333,0.3
Jamar McGloster,49ers,OT,2018,3,1.712,0.0,0.570667,0.3
Ikenna Nwokeji,Steelers,OT,2018,3,1.712,2000.0,0.570667,0.3
Trenton Scott,Chargers,OT,2018,3,1.7115,1500.0,0.5705,0.3
Brant Weiss,Cardinals,OT,2018,3,1.7115,1500.0,0.5705,0.3
Austin Fleer,DEN/CIN,OT,2018,3,1.711,1000.0,0.570333,0.3
Bryce Johnson,Cowboys,OT,2018,3,1.711,1000.0,0.570333,0.3
DeVondre Seymour,Chiefs,OT,2018,3,1.711,1000.0,0.570333,0.3
Nick Callender,Seahawks,OT,2018,3,1.71,0.0,0.57,0.3
Christian Schneider,Browns,OT,2018,3,1.71,0.0,0.57,0.3
Jared Machorro,Colts,OT,2018,3,1.71,0.0,0.57,0.3
Austin Olsen,Cardinals,OT,2018,3,1.71,0.0,0.57,0.3
Kendall Calhoun,Texans,OT,2018,3,1.71,0.0,0.57,0.3
Brandon Smith,Jaguars,OT,2018,3,1.71,0.0,0.57,0.3
Bentley Spain,Chiefs,OT,2018,3,1.71,0.0,0.57,0.3
Matthew Diaz,Titans,OT,2018,3,1.71,0.0,0.57,0.3
Tyler Howell,Giants,OT,2018,3,1.71,0.0,0.57,0.3
Jeromey Clary,Chargers,OT,2008,1,0.37,0.0,0.37,0.3
Mitchell Van Dyk,Colts,OT,2016,2,0.99,0.0,0.495,0.3
Mike McFarland,Colts,OT,2016,2,0.99,0.0,0.495,0.3
Keith Lumpkin,Colts,OT,2016,2,0.99,0.0,0.495,0.3
Givens Price,Cardinals,OT,2016,2,0.99,0.0,0.495,0.3
Darryl Baldwin,Cowboys,OT,2016,2,0.99,0.0,0.495,0.3
Austin Howard,Eagles,OT,2010,3,1.23,0.015,0.41,0.3
Chris Hubbard,Steelers,OT,2014,1,0.42,0.0,0.42,0.3
Marcel Jones,Saints,OT,2014,1,0.42,0.0,0.42,0.3
Juwann Bushell-Beatty,Commanders,OT,2019,3,1.77,0.015,0.59,0.3
Elijah Wilkinson,Broncos,OT,2018,1,0.555,0.0,0.555,0.3
Matt Feiler,Steelers,OT,2018,1,0.555,0.0,0.555,0.3
Willie Beavers,Seahawks,OT,2018,1,0.555,0.0,0.555,0.3
William Poehls,Jaguars,OT,2018,1,0.555,0.0,0.555,0.3
Cody Conway,Titans,OT,2019,3,1.765,0.025,0.588333,0.3
William Sweet,Cardinals,OT,2019,3,1.762,7000.0,0.587333,0.3
Tariq Cole,ARI/DAL,OT,2019,3,1.761,6000.0,0.587,0.3
O'Shea Dugas,Bengals,OT,2019,3,1.7605,5500.0,0.586833,0.3
A.T. Hall,Titans,OT,2019,3,1.76,5000.0,0.586667,0.3
Lukayus McNeil,Raiders,OT,2019,3,1.76,5000.0,0.586667,0.3
Brian Wallace,Broncos,OT,2019,3,1.76,0.01,0.586667,0.3
Blake Hance,Bills,OT,2019,3,1.761,5000.0,0.586667,0.3
Wyatt Miller,Jets,OT,2019,3,1.76,0.02,0.586666,0.3
Derrick Puni,Cowboys,OT,2019,3,1.758,3000.0,0.586,0.3
Brian Fineanganofo,Browns,OT,2019,3,1.758,3000.0,0.586,0.3
Brock Ruble,Buccaneers,OT,2019,3,1.758,3000.0,0.586,0.3
Quinn Bailey,Broncos,OT,2019,3,1.758,3000.0,0.586,0.3
Chim Okorafor,Browns,OT,2024,1,0.795,0.0,0.795,0.3
Roy Mbaeteka,Bears,OT,2024,1,0.795,0.0,0.795,0.3
Chukwuebuka Godrick,Chiefs,OT,2024,1,0.795,0.0,0.795,0.3
Austen Pleasants,49ers,OT,2024,1,0.795,0.0,0.795,0.3
Demontrey Jacobs,Patriots,OT,2024,1,0.795,0.0,0.795,0.3
Badara Traore,Panthers,OT,2024,1,0.795,0.0,0.795,0.3
Corey Luciano,49ers,OT,2024,1,0.795,0.0,0.795,0.3
Ryan Swoboda,Falcons,OT,2024,1,0.795,0.0,0.795,0.3
Roy Mbaeteka,Browns,OT,2024,1,0.795,0.0,0.795,0.3
Demontrey Jacobs,Broncos,OT,2024,1,0.795,0.0,0.795,0.3
Andrew Stueber,Falcons,OT,2024,1,0.795,0.0,0.795,0.3
Austen Pleasants,Cardinals,OT,2024,1,0.795,0.0,0.795,0.3
Jalen McKenzie,Raiders,OT,2024,1,0.795,0.0,0.795,0.3
Max Pircher,Seahawks,OT,2024,1,0.795,0.0,0.795,0.3
Andrew Stueber,Patriots,OT,2024,1,0.795,0.0,0.795,0.3
Chim Okorafor,Browns,OT,2024,1,0.795,0.0,0.795,0.3
Corey Luciano,Raiders,OT,2024,1,0.795,0.0,0.795,0.3
Andrew Stueber,Bengals,OT,2024,1,0.795,0.0,0.795,0.3
Matt Kaskey,Rams,OT,2019,3,1.757,2000.0,0.585667,0.3
Derrick Kelly,Saints,OT,2019,3,1.757,2000.0,0.585666,0.3
Pat Lawrence,Cardinals,OT,2019,3,1.755,0.0,0.585,0.3
Wyatt Miller,Cowboys,OT,2019,3,1.755,0.0,0.585,0.3
Brian Wallace,Commanders,OT,2019,3,1.755,0.0,0.585,0.3
Justice Powers,Rams,OT,2019,3,1.755,0.0,0.585,0.3
Blake Hance,Commanders,OT,2019,3,1.755,0.0,0.585,0.3
Riley Mayfield,Buccaneers,OT,2019,3,1.755,0.0,0.585,0.3
Mitch Hyatt,Cowboys,OT,2019,3,1.755,0.0,0.585,0.3
Israel Helms,Buccaneers,OT,2019,3,1.755,0.0,0.585,0.3
Nate Jacobson,Broncos,OT,2019,3,1.755,0.0,0.585,0.3
Brady Aiello,Browns,OT,2020,1,0.61,0.0,0.61,0.3
Jackson Dennis,Giants,OT,2020,1,0.61,0.0,0.61,0.3
William Sweet,49ers,OT,2020,1,0.61,0.0,0.61,0.3
Juwann Bushell-Beatty,Panthers,OT,2020,1,0.61,0.0,0.61,0.3
Anthony Coyle,Steelers,OT,2020,1,0.61,0.0,0.61,0.3
David Steinmetz,Commanders,OT,2020,1,0.61,0.0,0.61,0.3
Scottie Dill,Falcons,OT,2020,1,0.61,0.0,0.61,0.3
Fahn Cooper,Colts,OT,2017,2,1.02,0.0,0.51,0.3
Rashaad Coward,Bears,OT,2017,2,1.02,0.0,0.51,0.3
Tyler Marz,LAC/TEN,OT,2017,2,1.02,0.0,0.51,0.3
Norman Price,49ers,OT,2017,2,1.02,0.0,0.51,0.3
Marcel Jones,Ravens,OT,2015,1,0.435,0.0,0.435,0.3
Ulrick John,Dolphins,OT,2015,1,0.435,0.0,0.435,0.3
Mitchell Van Dyk,Steelers,OT,2015,1,0.435,0.0,0.435,0.3
Marcel Jones,Ravens,OT,2015,1,0.435,0.0,0.435,0.3
Justin Murray,LV/ARI,OT,2019,1,0.57,0.0,0.57,0.3
Pace Murphy,Chiefs,OT,2019,1,0.57,0.0,0.57,0.3
Donovan Jennings,Packers,OT,2025,1,0.84,0.0,0.84,0.3
Roy Mbaeteka,CLE/ARI,OT,2025,1,0.84,0.0,0.84,0.3
Samuel Jackson,Jets,OT,2025,1,0.84,0.0,0.84,0.3
Kilian Zierer,Browns,OT,2025,1,0.84,0.0,0.84,0.3
Dalton Wagner,Raiders,OT,2025,1,0.84,0.0,0.84,0.3
Kilian Zierer,Falcons,OT,2025,1,0.84,0.0,0.84,0.3
Chukwuebuka Godrick,Chiefs,OT,2025,1,0.84,0.0,0.84,0.3
Jalen McKenzie,Dolphins,OT,2025,1,0.84,0.0,0.84,0.3
Tyler Mclellan,Buccaneers,OT,2025,1,0.84,0.0,0.84,0.3
Theo Benedet,Bears,OT,2025,1,0.84,0.0,0.84,0.3
Jalen McKenzie,49ers,OT,2025,1,0.84,0.0,0.84,0.3
Blake Hance,Jaguars,OT,2019,2,1.13,0.0,0.565,0.3
Chris Clark,Buccaneers,OT,2008,2,0.69,0.01,0.345,0.3
Jerry Ugokwe,Buccaneers,OT,2018,2,1.05,0.0,0.525,0.3
Korren Kirven,Jets,OT,2018,2,1.05,0.0,0.525,0.3
Storm Norton,Vikings,OT,2018,2,1.05,0.0,0.525,0.3
Zack Golditch,Cardinals,OT,2018,2,1.05,0.0,0.525,0.3
Jake Rodgers,Texans,OT,2018,2,1.05,0.0,0.525,0.3
Korren Kirven,Cowboys,OT,2018,1,1.05,0.0,0.525,0.3
Nick Callender,Colts,OT,2018,2,1.05,0.0,0.525,0.3
John Kling,Commanders,OT,2018,2,1.05,0.0,0.525,0.3
Victor Salako,Giants,OT,2018,2,1.05,0.0,0.525,0.3
Kevin Bowen,Browns,OT,2018,2,1.05,0.0,0.525,0.3
Kendall Calhoun,Falcons,OT,2018,2,1.05,0.0,0.525,0.3
Jake Rodgers,Steelers,OT,2018,2,1.05,0.0,0.525,0.3
Brad Seaton,Buccaneers,OT,2018,2,1.05,0.0,0.525,0.3
Andrew Lauderdale,49ers,OT,2018,2,1.05,0.0,0.525,0.3
Joseph Cheek,Browns,OT,2018,2,1.05,0.0,0.525,0.3
Logan Brown,Seahawks,OT,2026,1,0.885,0.0,0.885,0.3
Reid Holskey,Giants,OT,2026,1,0.885,0.0,0.885,0.3
Lucas Scott,Ravens,OT,2026,1,0.885,0.0,0.885,0.3
Dalton Wagner,Raiders,OT,2026,1,0.885,0.0,0.885,0.3
Mason Miller,Lions,OT,2026,1,0.885,0.0,0.885,0.3
Caleb Etienne,Vikings,OT,2026,1,0.885,0.0,0.885,0.3
Kilian Zierer,Jaguars,OT,2026,1,0.885,0.0,0.885,0.3
Reid Holskey,Broncos,OT,2026,1,0.885,0.0,0.885,0.3
Justin Murray,Broncos,OT,2016,1,0.45,0.0,0.45,0.3
Vince Kowalski,Packers,OT,2016,1,0.45,0.0,0.45,0.3
Marcel Jones,Chargers,OT,2016,1,0.45,0.0,0.45,0.3
Cody Booth,Commanders,OT,2016,1,0.45,0.0,0.45,0.3
Luke Marquardt,Lions,OT,2016,1,0.45,0.0,0.45,0.3
Kelvin Palmer,Buccaneers,OT,2016,1,0.45,0.0,0.45,0.3
Kyler Kerbyson,Buccaneers,OT,2016,1,0.45,0.0,0.45,0.3
David Steinmetz,Texans,OT,2019,2,1.08,0.0,0.54,0.3
Jake Campos,Cowboys,OT,2019,2,1.08,0.0,0.54,0.3
Darius James,Commanders,OT,2019,2,1.08,0.0,0.54,0.3
Christian DiLauro,49ers,OT,2019,2,1.08,0.0,0.54,0.3
Andreas Knappe,Broncos,OT,2019,2,1.08,0.0,0.54,0.3
Timon Parris,Falcons,OT,2019,2,1.08,0.0,0.54,0.3
Garrett McGhin,Panthers,OT,2019,2,1.08,0.0,0.54,0.3
Timon Parris,Commanders,OT,2019,2,1.08,0.0,0.54,0.3
Lukayus McNeil,Cowboys,OT,2019,2,1.08,0.0,0.54,0.3
Storm Norton,Vikings,OT,2019,2,1.08,0.0,0.54,0.3
Rick Leonard,Texans,OT,2019,2,1.08,0.0,0.54,0.3
Demar Dotson,Buccaneers,OT,2009,2,0.705,0.0,0.3525,0.3
Chris Clark,Vikings,OT,2009,2,0.705,0.0,0.3525,0.3
Tyson Clabo,Broncos,OT,2004,2,0.46,0.0,0.23,0.3
Elijah Nkansah,Texans,OT,2019,3,1.605,0.0,0.535,0.3
Brandon Greene,Bears,OT,2017,2,0.945,0.0,0.4725,0.3
Jermey Parnell,Cowboys,OT,2010,2,0.725,0.0,0.3625,0.3
Chris Clark,DEN/MIN,OT,2010,2,0.725,0.0,0.3625,0.3
Chidi Okeke,Dolphins,OT,2020,2,1.11,0.0,0.555,0.3
Brad Seaton,Buccaneers,OT,2020,2,1.11,0.0,0.555,0.3
Rick Leonard,Texans,OT,2020,2,1.11,0.0,0.555,0.3
Derrick Kelly,Saints,OT,2020,2,1.11,0.0,0.555,0.3
Justin Murray,Broncos,OT,2017,1,0.465,0.0,0.465,0.3
Elijah Wilkinson,Broncos,OT,2017,1,0.465,0.0,0.465,0.3
Jake Rodgers,Steelers,OT,2017,1,0.465,0.0,0.465,0.3
Josh James,Chiefs,OT,2017,1,0.465,0.0,0.465,0.3
William Poehls,CHI/JAX,OT,2017,1,0.465,0.0,0.465,0.3
Storm Norton,Lions,OT,2017,1,0.465,0.0,0.465,0.3
Pearce Slater,Panthers,OT,2017,1,0.465,0.0,0.465,0.3
Timon Parris,Commanders,OT,2018,2,0.975,0.0,0.4875,0.3
Elijah Nkansah,Seahawks,OT,2018,2,0.975,0.0,0.4875,0.3
Erik Pears,Broncos,OT,2005,3,0.935,0.01,0.23375,0.3
Kyle Meadows,Steelers,OT,2018,1,0.48,0.0,0.48,0.3
Andreas Knappe,Broncos,OT,2018,1,0.48,0.0,0.48,0.3
Michael Dunn,Jaguars,OT,2018,1,0.48,0.0,0.48,0.3
Jamar McGloster,Lions,OT,2018,1,0.48,0.0,0.48,0.3
Storm Norton,Vikings,OT,2018,1,0.48,0.0,0.48,0.3
Korren Kirven,Panthers,OT,2018,1,0.48,0.0,0.48,0.3
Steven Moore,Ravens,OT,2018,1,0.48,0.0,0.48,0.3
Leon Johnson,Broncos,OT,2018,1,0.48,0.0,0.48,0.3
Michael Dunn,Rams,OT,2018,1,0.48,0.0,0.48,0.3
Joseph Cheek,Steelers,OT,2018,1,0.48,0.0,0.48,0.3
Brett Boyko,Chargers,OT,2018,1,0.48,0.0,0.48,0.3
Norman Price,Panthers,OT,2018,1,0.48,0.0,0.48,0.3
Erik Pears,Broncos,OT,2006,2,0.545,0.0,0.2725,0.3
Tyson Clabo,Falcons,OT,2006,2,0.545,0.0,0.2725,0.3
Matt Kaskey,Panthers,OT,2019,2,1.005,0.0,0.5025,0.3
Quinn Bailey,Broncos,OT,2019,2,1.005,0.0,0.5025,0.3
Alex Bars,Bears,OT,2019,1,0.49504,0.0,0.49504,0.3
Justin Senior,Chiefs,OT,2019,1,0.495,0.0,0.495,0.3
Brant Weiss,ARI/LAC,OT,2019,1,0.495,0.0,0.495,0.3
Jamar McGloster,Chargers,OT,2019,1,0.495,0.0,0.495,0.3
Jake Rodgers,Broncos,OT,2019,1,0.495,0.0,0.495,0.3
R.J. Prince,Ravens,OT,2019,1,0.495,0.0,0.495,0.3
Adam Bisnowaty,Broncos,OT,2019,1,0.495,0.0,0.495,0.3
Jamar McGloster,Raiders,OT,2019,1,0.495,0.0,0.495,0.3
Anthony Coyle,Packers,OT,2019,1,0.495,0.0,0.495,0.3
Ryker Mathews,Patriots,OT,2019,1,0.495,0.0,0.495,0.3
Gerhard De Beer,Packers,OT,2019,1,0.495,0.0,0.495,0.3
Norman Price,Panthers,OT,2019,1,0.495,0.0,0.495,0.3
Jake Rodgers,Broncos,OT,2019,1,0.495,0.0,0.495,0.3
Chidi Okeke,Chiefs,OT,2019,1,0.495,0.0,0.495,0.3
Steven Moore,Ravens,OT,2019,1,0.495,0.0,0.495,0.3
Brian Wallace,Seahawks,OT,2019,1,0.495,0.0,0.495,0.3
Riley Mayfield,Eagles,OT,2019,1,0.495,0.0,0.495,0.3
Jeromey Clary,Chargers,OT,2007,1,0.285,0.0,0.285,0.3
Lukayus McNeil,Falcons,OT,2020,1,0.51,0.0,0.51,0.3
Cody Conway,Packers,OT,2020,1,0.51,0.0,0.51,0.3
Andre Smith,Ravens,OT,2021,1,0.461888,0.0,0.461888,0.3
Elijah Wilkinson,Broncos,OT,2017,1,0.34,0.0,0.34,0.2
Brandon Shell,Dolphins,OT,2022,1,0.3936,0.0,0.3936,0.2
Jason Peters,Seahawks,OT,2023,1,0.419566,0.0,0.419566,0.2
Germain Ifedi,Browns,OT,2024,1,0.475244,0.0,0.475244,0.2
Marcus Cannon,Patriots,OT,2022,1,0.380622,0.0,0.380622,0.2
Jake Curhan,Bears,OT,2024,1,0.458022,0.0,0.458022,0.2
Justin Murray,Bills,OT,2022,1,0.3582,0.0,0.3582,0.2
Brandon Shell,Dolphins,OT,2022,1,0.3582,0.0,0.3582,0.2
Le'Raven Clark,Eagles,OT,2022,1,0.3582,0.0,0.3582,0.2
Marcus Cannon,Patriots,OT,2022,1,0.3582,0.0,0.3582,0.2
Brandon Shell,Dolphins,OT,2022,1,0.3582,0.0,0.3582,0.2
Cameron Erving,Saints,OT,2023,1,0.386666,0.0,0.386666,0.2
Germain Ifedi,Browns,OT,2024,1,0.429322,0.0,0.429322,0.2
Charlie Heck,Cardinals,OT,2024,1,0.4227,0.0,0.4227,0.2
Jordan Mills,Saints,OT,2021,1,0.301444,0.0,0.301444,0.2
Jason Peters,Seahawks,OT,2023,1,0.370944,0.0,0.370944,0.2
Brandon Parker,Raiders,OT,2023,1,0.3708,0.0,0.3708,0.2
Dennis Kelly,Jets,OT,2023,1,0.3708,0.0,0.3708,0.2
Brandon Parker,Raiders,OT,2023,1,0.3708,0.0,0.3708,0.2
Justin Murray,Titans,OT,2023,1,0.3708,0.0,0.3708,0.2
Jesse Davis,49ers,OT,2023,1,0.3708,0.0,0.3708,0.2
Justin Murray,Titans,OT,2023,1,0.3708,0.0,0.3708,0.2
Brandon Parker,Raiders,OT,2023,1,0.3708,0.0,0.3708,0.2
Jesse Davis,49ers,OT,2023,1,0.3708,0.0,0.3708,0.2
Brandon Parker,Raiders,OT,2023,1,0.3708,0.0,0.3708,0.2
La'el Collins,Cowboys,OT,2023,1,0.3708,0.0,0.3708,0.2
Justin Murray,Titans,OT,2023,1,0.3708,0.0,0.3708,0.2
Jake Curhan,Bears,OT,2024,1,0.420711,0.0,0.420711,0.2
Andre Smith,Ravens,OT,2021,1,0.283722,0.0,0.283722,0.2
Jack Driscoll,Eagles,OT,2024,1,0.3938,0.0,0.3938,0.2
Cameron Erving,Saints,OT,2023,1,0.339444,0.0,0.339444,0.2
Jake Curhan,Bears,OT,2024,1,0.3834,0.0,0.3834,0.2
Cameron Erving,Texans,OT,2024,1,0.3834,0.0,0.3834,0.2
Germain Ifedi,Browns,OT,2024,1,0.3834,0.0,0.3834,0.2
Charlie Heck,Cardinals,OT,2024,1,0.3834,0.0,0.3834,0.2
Chris Hubbard,49ers,OT,2024,1,0.3834,0.0,0.3834,0.2
Lucas Niang,Chiefs,OT,2024,1,0.3834,0.0,0.3834,0.2
Charlie Heck,Cardinals,OT,2024,1,0.377,0.0,0.377,0.1
Jason Peters,Seahawks,OT,2023,1,0.322322,0.0,0.322322,0.1
Kion Smith,Dolphins,OT,2022,1,0.296667,0.0,0.296667,0.1
Thayer Munford,Patriots,OT,2025,1,0.396,0.0,0.396,0.1
Joshua Miles,Raiders,OT,2025,1,0.396,0.0,0.396,0.1
Trent Brown,Texans,OT,2025,1,0.396,0.0,0.396,0.1
Cameron Erving,Saints,OT,2023,1,0.315,0.0,0.315,0.1
Storm Norton,Saints,OT,2023,1,0.315,0.0,0.315,0.1
Cameron Erving,Saints,OT,2023,1,0.315,0.0,0.315,0.1
Jordan Mills,Saints,OT,2021,1,0.255722,0.0,0.255722,0.1
Cedric Ogbuehi,Ravens,OT,2021,1,0.252,0.0,0.252,0.1
Jerald Hawkins,Saints,OT,2021,1,0.252,0.0,0.252,0.1
Cedric Ogbuehi,Titans,OT,2021,1,0.252,0.0,0.252,0.1
Le'Raven Clark,Eagles,OT,2021,1,0.252,0.0,0.252,0.1
Rashaad Coward,Steelers,OT,2021,1,0.252,0.0,0.252,0.1
Andre Smith,Ravens,OT,2021,1,0.252,0.0,0.252,0.1
Bobby Hart,BUF/TEN/MIA,OT,2021,1,0.252,0.0,0.252,0.1
Jordan Mills,Saints,OT,2021,1,0.252,0.0,0.252,0.1
Jack Driscoll,Eagles,OT,2024,1,0.3481,0.0,0.3481,0.1
Tyler Vrabel,Falcons,OT,2023,1,0.305001,0.0,0.305001,0.1
Brad Seaton,Buccaneers,OT,2019,1,0.255,0.0,0.255,0.1
Chad Wheeler,Seahawks,OT,2020,1,0.268236,0.0,0.268236,0.1
Jordan Mills,Cowboys,OT,2020,1,0.26753,0.0,0.26753,0.1
Rashaad Coward,Cardinals,OT,2022,1,0.2772,0.0,0.2772,0.1
Isaiah Prince,Bengals,OT,2022,1,0.2772,0.0,0.2772,0.1
Rashaad Coward,Cardinals,OT,2022,1,0.2772,0.0,0.2772,0.1
Jalen McKenzie,Seahawks,OT,2022,1,0.2772,0.0,0.2772,0.1
Rashaad Coward,Cardinals,OT,2022,1,0.2772,0.0,0.2772,0.1
Quinn Bailey,Broncos,OT,2022,1,0.275666,0.0,0.275666,0.1
Jake Curhan,Cardinals,OT,2025,1,0.3625,0.0,0.3625,0.1
Charlie Heck,Cardinals,OT,2024,1,0.3313,0.0,0.3313,0.1
Kion Smith,Dolphins,OT,2022,1,0.269,0.0,0.269,0.1
Jared Veldheer,Colts,OT,2023,1,0.2898,0.0,0.2898,0.1
Joshua Miles,Giants,OT,2023,1,0.2898,0.0,0.2898,0.1
Le'Raven Clark,Eagles,OT,2023,1,0.2898,0.0,0.2898,0.1
Jared Veldheer,Colts,OT,2023,1,0.2898,0.0,0.2898,0.1
Joshua Miles,Falcons,OT,2023,1,0.2898,0.0,0.2898,0.1
Jason Peters,Seahawks,OT,2023,1,0.2898,0.0,0.2898,0.1
Germain Ifedi,Bills,OT,2023,1,0.2898,0.0,0.2898,0.1
Justin Murray,Browns,OT,2023,1,0.2898,0.0,0.2898,0.1
David Steinmetz,Commanders,OT,2021,1,0.233866,0.0,0.233866,0.1
Tre'Vour Wallace-Simms,Jaguars,OT,2020,1,0.252729,0.0,0.252729,0.1
Tyler Vrabel,Falcons,OT,2023,1,0.275334,0.0,0.275334,0.1
Jaylon Thomas,Giants,OT,2023,1,0.275334,0.0,0.275334,0.1
Andrew Stueber,Patriots,OT,2023,1,0.275334,0.0,0.275334,0.1
Corey Luciano,49ers,OT,2023,1,0.275334,0.0,0.275334,0.1
Amari Kight,Seahawks,OT,2025,1,0.335001,0.0,0.335001,0.1
Chad Wheeler,Seahawks,OT,2020,1,0.236118,0.0,0.236118,0.1
Joshua Miles,Giants,OT,2024,1,0.3024,0.0,0.3024,0.1
Blake Hance,Jaguars,OT,2024,1,0.3024,0.0,0.3024,0.1
Isaiah Prince,Titans,OT,2024,1,0.3024,0.0,0.3024,0.1
Bobby Hart,Commanders,OT,2024,1,0.3024,0.0,0.3024,0.1
Jack Driscoll,Eagles,OT,2024,1,0.3024,0.0,0.3024,0.1
Isaiah Prince,Titans,OT,2024,1,0.3024,0.0,0.3024,0.1
Joshua Miles,Giants,OT,2024,1,0.3024,0.0,0.3024,0.1
Charlie Heck,Cardinals,OT,2024,1,0.3024,0.0,0.3024,0.1
Quinn Bailey,Broncos,OT,2022,1,0.241333,0.0,0.241333,0.1
Jack Driscoll,Steelers,OT,2025,1,0.3175,0.0,0.3175,0.1
Anthony Coyle,Steelers,OT,2020,1,0.225246,0.0,0.225246,0.1
Brandon Parker,49ers,OT,2025,1,0.315,0.0,0.315,0.1
Chris Hubbard,Lions,OT,2025,1,0.315,0.0,0.315,0.1
Jake Curhan,Cardinals,OT,2025,1,0.315,0.0,0.315,0.1
Brandon Parker,Falcons,OT,2025,1,0.315,0.0,0.315,0.1
Jack Driscoll,Steelers,OT,2025,1,0.315,0.0,0.315,0.1
Brandon Parker,49ers,OT,2025,1,0.315,0.0,0.315,0.1
Jack Driscoll,Steelers,OT,2025,1,0.315,0.0,0.315,0.1
Bobby Hart,Chargers,OT,2025,1,0.315,0.0,0.315,0.1
Brandon Parker,49ers,OT,2025,1,0.315,0.0,0.315,0.1
Thayer Munford,Browns,OT,2025,1,0.315,0.0,0.315,0.1
Joshua Miles,Browns,OT,2025,1,0.315,0.0,0.315,0.1
Chris Hubbard,Lions,OT,2025,1,0.315,0.0,0.315,0.1
Jack Driscoll,Steelers,OT,2025,1,0.315,0.0,0.315,0.1
Alec Anderson,Bills,OT,2022,1,0.234667,0.0,0.234667,0.1
Badara Traore,Cardinals,OT,2022,1,0.234667,0.0,0.234667,0.1
A.J. Arcuri,Rams,OT,2022,1,0.234667,0.0,0.234667,0.1
Kion Smith,Dolphins,OT,2022,1,0.234667,0.0,0.234667,0.1
Kayode Awosika,Lions,OT,2023,1,0.252333,0.0,0.252333,0.1
Jordan Mills,Cowboys,OT,2020,1,0.217765,0.0,0.217765,0.1
David Steinmetz,Commanders,OT,2021,1,0.199733,0.0,0.199733,0.1
Corey Luciano,49ers,OT,2023,1,0.245667,0.0,0.245667,0.1
Jaylon Thomas,Giants,OT,2023,1,0.245667,0.0,0.245667,0.1
Andrew Stueber,Patriots,OT,2023,1,0.245667,0.0,0.245667,0.1
Tyler Vrabel,Falcons,OT,2023,1,0.245667,0.0,0.245667,0.1
Amari Kight,Seahawks,OT,2025,1,0.301334,0.0,0.301334,0.1
Drew Himmelman,Broncos,OT,2021,1,0.193067,0.0,0.193067,0.1
Quinn Bailey,Broncos,OT,2021,1,0.193067,0.0,0.193067,0.1
Jermey Parnell,Saints,OT,2010,1,0.136,0.0,0.136,0.1
Austin Deculus,Saints,OT,2024,1,0.267222,0.0,0.267222,0.1
Alex Taylor,Bears,OT,2021,1,0.190533,0.0,0.190533,0.1
A.J. Arcuri,Rams,OT,2024,1,0.263333,0.0,0.263333,0.1
Jordan Mills,Cowboys,OT,2020,1,0.204,0.0,0.204,0.1
Chad Wheeler,Seahawks,OT,2020,1,0.204,0.0,0.204,0.1
Jared Veldheer,Colts,OT,2020,1,0.204,0.0,0.204,0.1
Jordan Mills,Cowboys,OT,2020,1,0.204,0.0,0.204,0.1
John Wetzel,Falcons,OT,2020,1,0.204,0.0,0.204,0.1
Richard Gouraige,Bills,OT,2024,1,0.256667,0.0,0.256667,0.1
David Steinmetz,Commanders,OT,2020,1,0.197764,0.0,0.197764,0.1
Matt Kaskey,Panthers,OT,2020,1,0.197764,0.0,0.197764,0.1
Anthony Coyle,Steelers,OT,2020,1,0.197764,0.0,0.197764,0.1
Alex Taylor,Cowboys,OT,2022,1,0.207,0.0,0.207,0.1
Jarrid Williams,Lions,OT,2022,1,0.207,0.0,0.207,0.1
Badara Traore,Cardinals,OT,2022,1,0.207,0.0,0.207,0.1
Ryan Van Demark,Bills,OT,2022,1,0.207,0.0,0.207,0.1
Jean Delance,Packers,OT,2022,1,0.207,0.0,0.207,0.1
Christian DiLauro,Broncos,OT,2022,1,0.207,0.0,0.207,0.1
Derrick Kelly,Saints,OT,2022,1,0.207,0.0,0.207,0.1
Austen Pleasants,Chargers,OT,2022,1,0.207,0.0,0.207,0.1
Andrew Rupcich,Titans,OT,2022,1,0.207,0.0,0.207,0.1
Alex Taylor,Cowboys,OT,2022,1,0.207,0.0,0.207,0.1
Jean Delance,Cardinals,OT,2022,1,0.207,0.0,0.207,0.1
Caleb Jones,Packers,OT,2022,1,0.207,0.0,0.207,0.1
Quinn Bailey,Broncos,OT,2022,1,0.207,0.0,0.207,0.1
Max Pircher,Rams,OT,2022,1,0.207,0.0,0.207,0.1
A.J. Arcuri,Rams,OT,2022,1,0.207,0.0,0.207,0.1
Devery Hamilton,Giants,OT,2022,1,0.207,0.0,0.207,0.1
Alfredo Gutierrez,49ers,OT,2022,1,0.207,0.0,0.207,0.1
Alex Taylor,Browns,OT,2022,1,0.207,0.0,0.207,0.1
Jarrid Williams,Eagles,OT,2022,1,0.207,0.0,0.207,0.1
Garrett McGhin,Giants,OT,2022,1,0.207,0.0,0.207,0.1
Hunter Thedford,Patriots,OT,2022,1,0.207,0.0,0.207,0.1
Tyler Vrabel,Falcons,OT,2022,1,0.207,0.0,0.207,0.1
Devery Hamilton,Giants,OT,2022,1,0.207,0.0,0.207,0.1
Hunter Thedford,Broncos,OT,2022,1,0.207,0.0,0.207,0.1
Kayode Awosika,Eagles,OT,2022,1,0.207,0.0,0.207,0.1
Leroy Watson,49ers,OT,2022,1,0.207,0.0,0.207,0.1
Alec Anderson,Bills,OT,2022,1,0.207,0.0,0.207,0.1
Christian DiLauro,Titans,OT,2022,1,0.207,0.0,0.207,0.1
Tyrone Wheatley Jr.,Browns,OT,2022,1,0.207,0.0,0.207,0.1
Christian DiLauro,Commanders,OT,2022,1,0.207,0.0,0.207,0.1
Kion Smith,Dolphins,OT,2022,1,0.207,0.0,0.207,0.1
Breno Giacomini,Packers,OT,2010,1,0.1275,0.0,0.1275,0.1
A.J. Arcuri,Rams,OT,2025,1,0.274333,0.0,0.274333,0.1
Jaylon Thomas,Giants,OT,2023,1,0.216,0.0,0.216,0.1
John Ojukwu,Titans,OT,2023,1,0.216,0.0,0.216,0.1
Austen Pleasants,Chargers,OT,2023,1,0.216,0.0,0.216,0.1
Alex Taylor,Cowboys,OT,2023,1,0.216,0.0,0.216,0.1
Austin Deculus,Texans,OT,2023,1,0.216,0.0,0.216,0.1
Leroy Watson,49ers,OT,2023,1,0.216,0.0,0.216,0.1
Jaylon Thomas,Texans,OT,2023,1,0.216,0.0,0.216,0.1
Andrew Rupcich,Titans,OT,2023,1,0.216,0.0,0.216,0.1
Corey Luciano,49ers,OT,2023,1,0.216,0.0,0.216,0.1
Richard Gouraige,Bills,OT,2023,1,0.216,0.0,0.216,0.1
Austen Pleasants,ARI/CHI,OT,2023,1,0.216,0.0,0.216,0.1
Andrew Rupcich,Titans,OT,2023,1,0.216,0.0,0.216,0.1
Ryan Swoboda,Falcons,OT,2023,1,0.216,0.0,0.216,0.1
Roy Mbaeteka,Bears,OT,2023,1,0.216,0.0,0.216,0.1
Austen Pleasants,Chargers,OT,2023,1,0.216,0.0,0.216,0.1
Badara Traore,Panthers,OT,2023,1,0.216,0.0,0.216,0.1
Demontrey Jacobs,Broncos,OT,2023,1,0.216,0.0,0.216,0.1
Austen Pleasants,Chargers,OT,2023,1,0.216,0.0,0.216,0.1
A.J. Arcuri,Rams,OT,2023,1,0.216,0.0,0.216,0.1
Austin Deculus,Texans,OT,2023,1,0.216,0.0,0.216,0.1
Jalen McKenzie,Raiders,OT,2023,1,0.216,0.0,0.216,0.1
Ryan Swoboda,Jets,OT,2023,1,0.216,0.0,0.216,0.1
Jake Curhan,Seahawks,OT,2023,1,0.216,0.0,0.216,0.1
Andrew Stueber,Patriots,OT,2023,1,0.216,0.0,0.216,0.1
Austen Pleasants,Chargers,OT,2023,1,0.216,0.0,0.216,0.1
Kayode Awosika,Lions,OT,2023,1,0.216,0.0,0.216,0.1
Lewis Kidd,Colts,OT,2023,1,0.216,0.0,0.216,0.1
Darian Kinnard,Chiefs,OT,2023,1,0.216,0.0,0.216,0.1
Chukwuebuka Godrick,Chiefs,OT,2023,1,0.216,0.0,0.216,0.1
Andrew Rupcich,Titans,OT,2023,1,0.216,0.0,0.216,0.1
Austin Deculus,Texans,OT,2023,1,0.216,0.0,0.216,0.1
Max Pircher,Lions,OT,2023,1,0.216,0.0,0.216,0.1
Tyler Vrabel,Falcons,OT,2023,1,0.216,0.0,0.216,0.1
Alfredo Gutierrez,49ers,OT,2023,1,0.216,0.0,0.216,0.1
Tyler Mclellan,Buccaneers,OT,2025,1,0.267667,0.0,0.267667,0.1
Dalton Wagner,Raiders,OT,2025,1,0.267667,0.0,0.267667,0.1
Amari Kight,Seahawks,OT,2025,1,0.267667,0.0,0.267667,0.1
Tyson Clabo,Falcons,OT,2005,1,0.0799,0.0,0.0799,0.1
Erik Pears,Broncos,OT,2005,1,0.0799,0.0,0.0799,0.1
Tyson Clabo,LAC/NYG/DEN,OT,2004,1,0.07395,0.0,0.07395,0.1
Badara Traore,Jaguars,OT,2021,1,0.1656,0.0,0.1656,0.1
Austen Pleasants,Panthers,OT,2021,1,0.1656,0.0,0.1656,0.1
Devery Hamilton,Raiders,OT,2021,1,0.1656,0.0,0.1656,0.1
Prince Tega Wanogho,Chiefs,OT,2021,1,0.1656,0.0,0.1656,0.1
Wyatt Miller,49ers,OT,2021,1,0.1656,0.0,0.1656,0.1
Elijah Nkansah,Browns,OT,2021,1,0.1656,0.0,0.1656,0.1
Christian DiLauro,Titans,OT,2021,1,0.1656,0.0,0.1656,0.1
Tre'Vour Wallace-Simms,Jaguars,OT,2021,1,0.1656,0.0,0.1656,0.1
Quinn Bailey,Broncos,OT,2021,1,0.1656,0.0,0.1656,0.1
Austen Pleasants,JAX/CAR,OT,2021,1,0.1656,0.0,0.1656,0.1
Drew Himmelman,Broncos,OT,2021,1,0.1656,0.0,0.1656,0.1
Carson Green,Texans,OT,2021,1,0.1656,0.0,0.1656,0.1
Braylon Jones,Cowboys,OT,2021,1,0.1656,0.0,0.1656,0.1
Adrian Ealy,Packers,OT,2021,1,0.1656,0.0,0.1656,0.1
David Steinmetz,Commanders,OT,2021,1,0.1656,0.0,0.1656,0.1
Rick Leonard,Vikings,OT,2021,1,0.1656,0.0,0.1656,0.1
Christian DiLauro,Titans,OT,2021,1,0.1656,0.0,0.1656,0.1
Timon Parris,Vikings,OT,2021,1,0.1656,0.0,0.1656,0.1
Jordan Steckler,Browns,OT,2021,1,0.1656,0.0,0.1656,0.1
Elijah Nkansah,Jets,OT,2021,1,0.1656,0.0,0.1656,0.1
Christian DiLauro,Titans,OT,2021,1,0.1656,0.0,0.1656,0.1
Devery Hamilton,Giants,OT,2021,1,0.1656,0.0,0.1656,0.1
Max Pircher,Rams,OT,2021,1,0.1656,0.0,0.1656,0.1
Alex Taylor,Browns,OT,2021,1,0.1656,0.0,0.1656,0.1
Kion Smith,Dolphins,OT,2021,1,0.1656,0.0,0.1656,0.1
Isaiah Wilson,Giants,OT,2021,1,0.1656,0.0,0.1656,0.1
Carson Green,Texans,OT,2021,1,0.1656,0.0,0.1656,0.1
Alex Taylor,CHI/CLE,OT,2021,1,0.1656,0.0,0.1656,0.1
Adrian Ealy,Rams,OT,2021,1,0.1656,0.0,0.1656,0.1
Anthony Coyle,Colts,OT,2021,1,0.1656,0.0,0.1656,0.1
Alex Taylor,Browns,OT,2021,1,0.1656,0.0,0.1656,0.1
Tyrone Wheatley Jr.,Bears,OT,2021,1,0.1656,0.0,0.1656,0.1
Willie Beavers,Falcons,OT,2021,1,0.1656,0.0,0.1656,0.1
Rick Leonard,Falcons,OT,2021,1,0.1656,0.0,0.1656,0.1
Adrian Ealy,Ravens,OT,2021,1,0.1656,0.0,0.1656,0.1
Kayode Awosika,Eagles,OT,2021,1,0.1656,0.0,0.1656,0.1
Christian DiLauro,Titans,OT,2021,1,0.1656,0.0,0.1656,0.1
Alfredo Gutierrez,49ers,OT,2021,1,0.1656,0.0,0.1656,0.1
Derrick Kelly,NYG/NO,OT,2021,1,0.1656,0.0,0.1656,0.1
Adrian Ealy,Broncos,OT,2021,1,0.1656,0.0,0.1656,0.1
Jake Rodgers,Broncos,OT,2019,1,0.17,0.0,0.17,0.1
Blake Larson,Rams,OT,2024,1,0.225,0.0,0.225,0.1
Theo Benedet,Bears,OT,2024,1,0.225,0.0,0.225,0.1
Austen Pleasants,ARI/SF,OT,2024,1,0.225,0.0,0.225,0.1
Spencer Rolland,Packers,OT,2024,1,0.225,0.0,0.225,0.1
Caleb Jones,Patriots,OT,2024,1,0.225,0.0,0.225,0.1
Roy Mbaeteka,Browns,OT,2024,1,0.225,0.0,0.225,0.1
Max Pircher,Seahawks,OT,2024,1,0.225,0.0,0.225,0.1
Leroy Watson,Titans,OT,2024,1,0.225,0.0,0.225,0.1
Jack Wilson,Colts,OT,2024,1,0.225,0.0,0.225,0.1
Donovan Jennings,Packers,OT,2024,1,0.225,0.0,0.225,0.1
John Ojukwu,Titans,OT,2024,1,0.225,0.0,0.225,0.1
Richard Gouraige,Bills,OT,2024,1,0.225,0.0,0.225,0.1
Kilian Zierer,Texans,OT,2024,1,0.225,0.0,0.225,0.1
Tyrone Wheatley Jr.,Falcons,OT,2024,1,0.225,0.0,0.225,0.1
Jalen McKenzie,Patriots,OT,2024,1,0.225,0.0,0.225,0.1
Austen Pleasants,Cardinals,OT,2024,1,0.225,0.0,0.225,0.1
Leroy Watson,Vikings,OT,2024,1,0.225,0.0,0.225,0.1
Mike Edwards,Bills,OT,2024,1,0.225,0.0,0.225,0.1
Austen Pleasants,Bears,OT,2024,1,0.225,0.0,0.225,0.1
Andrew Stueber,ATL/CIN,OT,2024,1,0.225,0.0,0.225,0.1
A.J. Arcuri,Rams,OT,2024,1,0.225,0.0,0.225,0.1
Austin Deculus,Saints,OT,2024,1,0.225,0.0,0.225,0.1
Dalton Wagner,Raiders,OT,2024,1,0.225,0.0,0.225,0.1
Jalen McKenzie,Giants,OT,2024,1,0.225,0.0,0.225,0.1
Tyrone Wheatley Jr.,Falcons,OT,2024,1,0.225,0.0,0.225,0.1
Chukwuebuka Godrick,Chiefs,OT,2024,1,0.225,0.0,0.225,0.1
Jake Rodgers,Broncos,OT,2020,1,0.174106,0.0,0.174106,0.1
Matt Kaskey,Panthers,OT,2020,1,0.170282,0.0,0.170282,0.1
David Steinmetz,Commanders,OT,2020,1,0.170282,0.0,0.170282,0.1
Prince Tega Wanogho,Eagles,OT,2020,1,0.170282,0.0,0.170282,0.1
Badara Traore,Bears,OT,2020,1,0.170282,0.0,0.170282,0.1
Tre'Vour Wallace-Simms,Jaguars,OT,2020,1,0.170282,0.0,0.170282,0.1
Quinn Bailey,Broncos,OT,2020,1,0.170282,0.0,0.170282,0.1
Andrew Rupcich,Titans,OT,2025,1,0.234,0.0,0.234,0.1
Reid Holskey,Giants,OT,2025,1,0.234,0.0,0.234,0.1
Trey Wedig,Cardinals,OT,2025,1,0.234,0.0,0.234,0.1
Sataoa Laumea,Saints,OT,2025,1,0.234,0.0,0.234,0.1
Jaylon Thomas,Texans,OT,2025,1,0.234,0.0,0.234,0.1
Kion Smith,Dolphins,OT,2025,1,0.234,0.0,0.234,0.1
Mason Miller,Lions,OT,2025,1,0.234,0.0,0.234,0.1
Kion Smith,Dolphins,OT,2025,1,0.234,0.0,0.234,0.1
Matt Waletzko,Chiefs,OT,2025,1,0.234,0.0,0.234,0.1
Tyler Mclellan,Buccaneers,OT,2025,1,0.234,0.0,0.234,0.1
Logan Brown,Seahawks,OT,2025,1,0.234,0.0,0.234,0.1
Matt Waletzko,Vikings,OT,2025,1,0.234,0.0,0.234,0.1
Leroy Watson,Raiders,OT,2025,1,0.234,0.0,0.234,0.1
Logan Brown,Seahawks,OT,2025,1,0.234,0.0,0.234,0.1
Matt Waletzko,Chiefs,OT,2025,1,0.234,0.0,0.234,0.1
Amari Kight,Seahawks,OT,2025,1,0.234,0.0,0.234,0.1
Kion Smith,Dolphins,OT,2025,1,0.234,0.0,0.234,0.1
Andrew Stueber,Falcons,OT,2025,1,0.234,0.0,0.234,0.1
Logan Brown,Seahawks,OT,2025,1,0.234,0.0,0.234,0.1
Sataoa Laumea,Seahawks,OT,2025,1,0.234,0.0,0.234,0.1
Andrew Rupcich,Patriots,OT,2025,1,0.234,0.0,0.234,0.1
Amari Kight,Seahawks,OT,2025,1,0.234,0.0,0.234,0.1
Caleb Etienne,Vikings,OT,2025,1,0.234,0.0,0.234,0.1
Chukwuebuka Godrick,Chiefs,OT,2025,1,0.234,0.0,0.234,0.1
Dalton Wagner,Raiders,OT,2025,1,0.234,0.0,0.234,0.1
John Ojukwu,Titans,OT,2025,1,0.234,0.0,0.234,0.1
Carter Warren,Falcons,OT,2025,1,0.234,0.0,0.234,0.1
Reid Holskey,Texans,OT,2025,1,0.234,0.0,0.234,0.1
Richard Gouraige,Bills,OT,2025,1,0.234,0.0,0.234,0.1
John Ojukwu,Titans,OT,2025,1,0.234,0.0,0.234,0.1
A.J. Arcuri,Rams,OT,2025,1,0.234,0.0,0.234,0.1
John Ojukwu,Titans,OT,2025,1,0.234,0.0,0.234,0.1
Kilian Zierer,Jaguars,OT,2025,1,0.234,0.0,0.234,0.1
Matt Waletzko,Chiefs,OT,2025,1,0.234,0.0,0.234,0.1
Demontrey Jacobs,Cardinals,OT,2025,1,0.234,0.0,0.234,0.1
Roy Mbaeteka,Dolphins,OT,2025,1,0.234,0.0,0.234,0.1
Jaylon Thomas,Texans,OT,2025,1,0.234,0.0,0.234,0.1
Lucas Scott,Ravens,OT,2025,1,0.234,0.0,0.234,0.1
Logan Brown,Browns,OT,2025,1,0.234,0.0,0.234,0.1
Max Pircher,Vikings,OT,2025,1,0.234,0.0,0.234,0.1
Jeremiah Byers,Cardinals,OT,2025,1,0.234,0.0,0.234,0.1
John Ojukwu,Titans,OT,2025,1,0.234,0.0,0.234,0.1
Chukwuebuka Godrick,Chiefs,OT,2025,1,0.234,0.0,0.234,0.1
Roy Mbaeteka,Cardinals,OT,2025,1,0.234,0.0,0.234,0.1
Michael Tarquin,Panthers,OT,2025,1,0.234,0.0,0.234,0.1
Brandon Crenshaw-Dickson,Titans,OT,2025,1,0.234,0.0,0.234,0.1
Kion Smith,Dolphins,OT,2025,1,0.234,0.0,0.234,0.1
Jaylon Thomas,Texans,OT,2025,1,0.234,0.0,0.234,0.1
Sataoa Laumea,Seahawks,OT,2025,1,0.234,0.0,0.234,0.1
Michael Tarquin,Panthers,OT,2025,1,0.234,0.0,0.234,0.1
Kilian Zierer,49ers,OT,2025,1,0.234,0.0,0.234,0.1
DeMarcus Love,Jaguars,OT,2013,1,0.102,0.0,0.102,0.1
Chris Hubbard,Steelers,OT,2013,1,0.102,0.0,0.102,0.1
Mike Remmers,Buccaneers,OT,2013,1,0.102,0.0,0.102,0.1
DeMarcus Love,Jaguars,OT,2013,1,0.102,0.0,0.102,0.1
Marcel Jones,Saints,OT,2013,1,0.102,0.0,0.102,0.1
William Sweet,Cowboys,OT,2020,1,0.164164,0.0,0.164164,0.1
Christian DiLauro,49ers,OT,2018,1,0.1445,0.0,0.1445,0.1
Tyler Marz,Titans,OT,2017,1,0.136,0.0,0.136,0.1
DeMarcus Love,Broncos,OT,2014,1,0.1071,0.0,0.1071,0.1
Ryan Miller,LAC/DEN,OT,2014,1,0.1071,0.0,0.1071,0.1
Marcel Jones,Ravens,OT,2014,1,0.1071,0.0,0.1071,0.1
Mike Remmers,Rams,OT,2014,1,0.1071,0.0,0.1071,0.1
DeMarcus Love,Saints,OT,2014,1,0.1071,0.0,0.1071,0.1
Austin Howard,Ravens,OT,2011,1,0.0969,0.0,0.0969,0.1
Jason Slowey,Raiders,OT,2012,1,0.0969,0.0,0.0969,0.1
Nick Mondek,Texans,OT,2012,1,0.0969,0.0,0.0969,0.1
Lee Ziemba,Colts,OT,2012,1,0.0969,0.0,0.0969,0.1
Andrew Datko,Packers,OT,2012,1,0.0969,0.0,0.0969,0.1
Matt McCants,Giants,OT,2012,1,0.0969,0.0,0.0969,0.1
Nick Mondek,Raiders,OT,2012,1,0.0969,0.0,0.0969,0.1
Mike Remmers,Buccaneers,OT,2012,1,0.0969,0.0,0.0969,0.1
Brennan Williams,Patriots,OT,2015,1,0.1126,0.0,0.1126,0.1
Jeromey Clary,Chargers,OT,2006,1,0.0799,0.0,0.0799,0.1
Jordan Mills,Lions,OT,2015,1,0.1122,0.0,0.1122,0.1
Marcel Jones,Ravens,OT,2015,1,0.1122,0.0,0.1122,0.1
Ulrick John,Colts,OT,2015,1,0.1122,0.0,0.1122,0.1
Marcel Jones,Ravens,OT,2015,1,0.1122,0.0,0.1122,0.1
Chris Clark,Vikings,OT,2008,1,0.0884,0.0,0.0884,0.1
Ian Silberman,Patriots,OT,2016,1,0.1173,0.0,0.1173,0.1
Vinston Painter,Commanders,OT,2016,1,0.1173,0.0,0.1173,0.1
Ulrick John,Dolphins,OT,2016,1,0.1173,0.0,0.1173,0.1
Ian Silberman,Raiders,OT,2016,1,0.1173,0.0,0.1173,0.1
Mitchell Van Dyk,49ers,OT,2016,1,0.1173,0.0,0.1173,0.1
Justin Murray,Broncos,OT,2016,1,0.1173,0.0,0.1173,0.1
Michael Ola,Bills,OT,2016,1,0.1173,0.0,0.1173,0.1
Ian Silberman,Patriots,OT,2016,1,0.1173,0.0,0.1173,0.1
Givens Price,Commanders,OT,2017,1,0.1224,0.0,0.1224,0.1
Andrew Lauderdale,49ers,OT,2017,1,0.1224,0.0,0.1224,0.1
Vinston Painter,Cardinals,OT,2017,1,0.1224,0.0,0.1224,0.1
Steven Moore,Ravens,OT,2017,1,0.1224,0.0,0.1224,0.1
Ian Silberman,Browns,OT,2017,1,0.1224,0.0,0.1224,0.1
Justin Murray,Buccaneers,OT,2017,1,0.1224,0.0,0.1224,0.1
Korren Kirven,Browns,OT,2017,1,0.1224,0.0,0.1224,0.1
Storm Norton,Lions,OT,2017,1,0.1224,0.0,0.1224,0.1
Givens Price,WAS/TB,OT,2017,1,0.1224,0.0,0.1224,0.1
Jerry Ugokwe,Commanders,OT,2017,1,0.1224,0.0,0.1224,0.1
Storm Norton,Cardinals,OT,2017,1,0.1224,0.0,0.1224,0.1
Jake Rodgers,Texans,OT,2017,1,0.1224,0.0,0.1224,0.1
Givens Price,Cardinals,OT,2017,1,0.1224,0.0,0.1224,0.1
Storm Norton,MIN/DET,OT,2017,0,0.1224,0.0,0.1224,0.1
Ulrick John,Cardinals,OT,2017,1,0.1224,0.0,0.1224,0.1
Vinston Painter,Cardinals,OT,2017,1,0.1224,0.0,0.1224,0.1
Brad Seaton,Buccaneers,OT,2017,1,0.1224,0.0,0.1224,0.1
Vinston Painter,Cardinals,OT,2017,1,0.1224,0.0,0.1224,0.1
Darrell Williams Jr.,49ers,OT,2017,1,0.1224,0.0,0.1224,0.1
Korren Kirven,Browns,OT,2017,1,0.1224,0.0,0.1224,0.1
Andreas Knappe,Colts,OT,2017,1,0.1224,0.0,0.1224,0.1
Josh James,Bills,OT,2017,1,0.1224,0.0,0.1224,0.1
Justin Murray,Saints,OT,2017,1,0.1224,0.0,0.1224,0.1
Tyler Marz,Titans,OT,2017,1,0.1224,0.0,0.1224,0.1
Norman Price,Jaguars,OT,2017,1,0.1224,0.0,0.1224,0.1
Rashaad Coward,Bears,OT,2017,1,0.1224,0.0,0.1224,0.1
Brandon Greene,Bears,OT,2017,1,0.1224,0.0,0.1224,0.1
Brad Seaton,Titans,OT,2017,1,0.1224,0.0,0.1224,0.1
Dieugot Joseph,Bears,OT,2017,1,0.1224,0.0,0.1224,0.1
Jake Rodgers,Steelers,OT,2017,1,0.1224,0.0,0.1224,0.1
Kent Perkins,Bengals,OT,2017,1,0.1224,0.0,0.1224,0.1
Nick Becton,Chiefs,OT,2017,1,0.1224,0.0,0.1224,0.1
Givens Price,Cardinals,OT,2017,1,0.1224,0.0,0.1224,0.1
Storm Norton,Lions,OT,2017,1,0.1224,0.0,0.1224,0.1
Jake Rodgers,PIT/LAC,OT,2017,1,0.1224,0.0,0.1224,0.1
Andreas Knappe,Commanders,OT,2017,1,0.1224,0.0,0.1224,0.1
Steven Moore,Titans,OT,2017,1,0.1224,0.0,0.1224,0.1
Nick Becton,Giants,OT,2017,1,0.1224,0.0,0.1224,0.1
Anthony Coyle,Packers,OT,2018,1,0.1292,0.0,0.1292,0.1
Brad Seaton,Browns,OT,2018,1,0.1292,0.0,0.1292,0.1
Rick Leonard,Cardinals,OT,2018,1,0.1292,0.0,0.1292,0.1
Ian Silberman,Titans,OT,2018,1,0.1292,0.0,0.1292,0.1
Randin Crecelius,Ravens,OT,2018,1,0.1292,0.0,0.1292,0.1
David Steinmetz,Texans,OT,2018,1,0.1292,0.0,0.1292,0.1
Elijah Nkansah,Seahawks,OT,2018,1,0.1292,0.0,0.1292,0.1
Andrew Lauderdale,Bills,OT,2018,1,0.1292,0.0,0.1292,0.1
Jake Campos,Cowboys,OT,2018,1,0.1292,0.0,0.1292,0.1
Rick Leonard,Saints,OT,2018,1,0.1292,0.0,0.1292,0.1
Jake Rodgers,Ravens,OT,2018,1,0.1292,0.0,0.1292,0.1
Trenton Scott,Chargers,OT,2018,1,0.1292,0.0,0.1292,0.1
Brian Mihalik,Giants,OT,2018,1,0.1292,0.0,0.1292,0.1
Storm Norton,Vikings,OT,2018,1,0.1292,0.0,0.1292,0.1
Jamar McGloster,Chargers,OT,2018,1,0.1292,0.0,0.1292,0.1
Victor Salako,Giants,OT,2018,1,0.1292,0.0,0.1292,0.1
Andreas Knappe,Broncos,OT,2018,1,0.1292,0.0,0.1292,0.1
Toby Weathersby,Patriots,OT,2018,1,0.1292,0.0,0.1292,0.1
Ian Silberman,Panthers,OT,2018,1,0.1292,0.0,0.1292,0.1
Tyler Marz,Titans,OT,2018,1,0.1292,0.0,0.1292,0.1
Gerhard De Beer,Packers,OT,2018,1,0.1292,0.0,0.1292,0.1
Rick Leonard,Rams,OT,2018,1,0.1292,0.0,0.1292,0.1
Jamar McGloster,Raiders,OT,2018,1,0.1292,0.0,0.1292,0.1
Randin Crecelius,Ravens,OT,2018,1,0.1292,0.0,0.1292,0.1
Gerhard De Beer,Bills,OT,2018,1,0.1292,0.0,0.1292,0.1
Christian DiLauro,Browns,OT,2018,1,0.1292,0.0,0.1292,0.1
Willie Beavers,Bears,OT,2018,1,0.1292,0.0,0.1292,0.1
Storm Norton,Vikings,OT,2018,1,0.1292,0.0,0.1292,0.1
Darrell Williams Jr.,Rams,OT,2018,1,0.1292,0.0,0.1292,0.1
Garrett McGhin,Panthers,OT,2019,1,0.136,0.0,0.136,0.1
Elijah Nkansah,Seahawks,OT,2019,1,0.136,0.0,0.136,0.1
Cody Conway,Packers,OT,2019,1,0.136,0.0,0.136,0.1
Tyler Marz,Panthers,OT,2019,1,0.136,0.0,0.136,0.1
Wyatt Miller,Bengals,OT,2019,1,0.136,0.0,0.136,0.1
Anthony Coyle,Falcons,OT,2019,1,0.136,0.0,0.136,0.1
Rick Leonard,Texans,OT,2019,1,0.136,0.0,0.136,0.1
Will Holden,49ers,OT,2019,1,0.136,0.0,0.136,0.1
Elijah Nkansah,Seahawks,OT,2019,1,0.136,0.0,0.136,0.1
Matt Kaskey,Panthers,OT,2019,1,0.136,0.0,0.136,0.1
Chad Wheeler,Seahawks,OT,2019,1,0.136,0.0,0.136,0.1
Matt Kaskey,Panthers,OT,2019,1,0.136,0.0,0.136,0.1
Quinn Bailey,Broncos,OT,2019,1,0.136,0.0,0.136,0.1
Gerhard De Beer,Colts,OT,2019,1,0.136,0.0,0.136,0.1
Ian Silberman,Cardinals,OT,2019,1,0.136,0.0,0.136,0.1
Lukayus McNeil,Falcons,OT,2019,1,0.136,0.0,0.136,0.1
Brandon Hitner,Jets,OT,2019,1,0.136,0.0,0.136,0.1
Derrick Kelly,Saints,OT,2019,1,0.136,0.0,0.136,0.1
Chidi Okeke,Dolphins,OT,2019,1,0.136,0.0,0.136,0.1
Elijah Nkansah,Texans,OT,2019,1,0.136,0.0,0.136,0.1
Andrew Jones,Seahawks,OT,2020,1,0.1428,0.0,0.1428,0.1
Badara Traore,Bears,OT,2020,1,0.1428,0.0,0.1428,0.1
Timon Parris,Commanders,OT,2020,1,0.1428,0.0,0.1428,0.1
Alex Taylor,Browns,OT,2020,1,0.1428,0.0,0.1428,0.1
O'Shea Dugas,Bengals,OT,2020,1,0.1428,0.0,0.1428,0.1
Wyatt Miller,Seahawks,OT,2020,1,0.1428,0.0,0.1428,0.1
Paul Adams,Titans,OT,2020,1,0.1428,0.0,0.1428,0.1
Blake Hance,Jets,OT,2020,1,0.1428,0.0,0.1428,0.1
Willie Beavers,Falcons,OT,2020,1,0.1428,0.0,0.1428,0.1
Brady Aiello,Browns,OT,2020,1,0.1428,0.0,0.1428,0.1
Josh Knipfel,Bengals,OT,2020,1,0.1428,0.0,0.1428,0.1
Cody Conway,49ers,OT,2020,1,0.1428,0.0,0.1428,0.1
Prince Tega Wanogho,Eagles,OT,2020,1,0.1428,0.0,0.1428,0.1
Garrett McGhin,Jaguars,OT,2020,1,0.1428,0.0,0.1428,0.1
Rick Leonard,Cardinals,OT,2020,1,0.1428,0.0,0.1428,0.1
David Steinmetz,Commanders,OT,2020,1,0.1428,0.0,0.1428,0.1
Austen Pleasants,Jaguars,OT,2020,1,0.1428,0.0,0.1428,0.1
Tre'Vour Wallace-Simms,Jaguars,OT,2020,1,0.1428,0.0,0.1428,0.1
William Sweet,Cowboys,OT,2020,1,0.1428,0.0,0.1428,0.1
Matt Kaskey,Panthers,OT,2020,1,0.1428,0.0,0.1428,0.1
William Sweet,Cowboys,OT,2020,1,0.1428,0.0,0.1428,0.1
Timon Parris,Browns,OT,2020,1,0.1428,0.0,0.1428,0.1
Rick Leonard,Cardinals,OT,2020,1,0.1428,0.0,0.1428,0.1
Jerald Hawkins,Texans,OT,2020,1,0.1428,0.0,0.1428,0.1
Elijah Nkansah,Texans,OT,2020,1,0.1428,0.0,0.1428,0.1
Tommy Champion,Seahawks,OT,2020,1,0.1428,0.0,0.1428,0.1
William Sweet,49ers,OT,2020,1,0.1428,0.0,0.1428,0.1
Jake Rodgers,Broncos,OT,2020,1,0.1428,0.0,0.1428,0.1
Jared Hilbers,Jaguars,OT,2020,1,0.1428,0.0,0.1428,0.1
Quinn Bailey,Broncos,OT,2020,1,0.1428,0.0,0.1428,0.1
Rick Leonard,Commanders,OT,2020,1,0.1428,0.0,0.1428,0.1
Chris Clark,Vikings,OT,2009,1,0.0884,0.0,0.0884,0.1
Jermey Parnell,Saints,OT,2009,1,0.0884,0.0,0.0884,0.1
Breno Giacomini,Seahawks,OT,2010,1,0.0884,0.0,0.0884,0.1
